-- MySQL dump 10.13  Distrib 8.0.42, for Linux (x86_64)
--
-- Host: 10.255.0.3    Database: models
-- ------------------------------------------------------
-- Server version	8.0.46-0ubuntu0.24.04.3

/*!40101 SET @OLD_CHARACTER_SET_CLIENT=@@CHARACTER_SET_CLIENT */;
/*!40101 SET @OLD_CHARACTER_SET_RESULTS=@@CHARACTER_SET_RESULTS */;
/*!40101 SET @OLD_COLLATION_CONNECTION=@@COLLATION_CONNECTION */;
/*!50503 SET NAMES utf8mb4 */;
/*!40103 SET @OLD_TIME_ZONE=@@TIME_ZONE */;
/*!40103 SET TIME_ZONE='+00:00' */;
/*!40014 SET @OLD_UNIQUE_CHECKS=@@UNIQUE_CHECKS, UNIQUE_CHECKS=0 */;
/*!40014 SET @OLD_FOREIGN_KEY_CHECKS=@@FOREIGN_KEY_CHECKS, FOREIGN_KEY_CHECKS=0 */;
/*!40101 SET @OLD_SQL_MODE=@@SQL_MODE, SQL_MODE='NO_AUTO_VALUE_ON_ZERO' */;
/*!40111 SET @OLD_SQL_NOTES=@@SQL_NOTES, SQL_NOTES=0 */;

--
-- Table structure for table `models`
--

DROP TABLE IF EXISTS `models`;
/*!40101 SET @saved_cs_client     = @@character_set_client */;
/*!50503 SET character_set_client = utf8mb4 */;
CREATE TABLE `models` (
  `model_id` int NOT NULL AUTO_INCREMENT,
  `base_id` int DEFAULT NULL,
  `task_id` int DEFAULT NULL,
  `project_id` int DEFAULT NULL,
  `path` text,
  `time` int DEFAULT NULL,
  PRIMARY KEY (`model_id`)
) ENGINE=InnoDB AUTO_INCREMENT=200 DEFAULT CHARSET=utf8mb4 COLLATE=utf8mb4_0900_ai_ci;
/*!40101 SET character_set_client = @saved_cs_client */;

--
-- Dumping data for table `models`
--

LOCK TABLES `models` WRITE;
/*!40000 ALTER TABLE `models` DISABLE KEYS */;
INSERT INTO `models` VALUES (1,0,1,1,'/models/model.1/model.1.keras',1729223407),(2,0,1,1,'/models/model.2/model.2.keras',1729223869),(3,0,1,1,'/models/model.3/model.3.keras',1729224007),(4,0,1,1,'/models/model.4/model.4.keras',1729224103),(5,0,1,1,'/models/model.5/model.5.keras',1729224158),(6,0,1,1,'/models/model.6/model.6.keras',1729226032),(7,0,1,1,'/models/model.7/model.7.keras',1729226101),(8,0,1,1,'/models/model.8/model.8.keras',1729226177),(9,0,2,1,'/models/model.9/model.9.keras',1729226265),(10,0,1,1,'/models/model.10/model.10.keras',1729226270),(11,0,1,1,'/models/model.11/model.11.keras',1729228019),(12,0,1,1,'/models/model.12/model.12.keras',1729228048),(13,0,1,1,'/models/model.13/model.13.keras',1729228111),(14,0,1,1,'/models/model.14/model.14.keras',1729228121),(15,0,1,1,'/models/model.15/model.15.keras',1729228218),(16,0,1,1,'/models/model.16/model.16.keras',1729229981),(17,0,1,1,'/models/model.17/model.17.keras',1729233373),(18,0,2,1,'/models/model.18/model.18.keras',1729234711),(19,0,2,1,'/models/model.19/model.19.keras',1729259129),(20,1,2,1,'/models/model.20/model.20.keras',1729260003),(21,4,2,1,'/models/model.21/model.21.keras',1729260060),(22,2,2,1,'/models/model.22/model.22.keras',1729267492),(23,5,2,1,'/models/model.23/model.23.keras',1729267551),(24,0,2,1,'/models/model.24/model.24.keras',1729269927),(25,3,2,1,'/models/model.25/model.25.keras',1729275103),(26,6,2,1,'/models/model.26/model.26.keras',1729275125),(27,7,2,1,'/models/model.27/model.27.keras',1729282958),(28,0,2,1,'/models/model.28/model.28.keras',1729282979),(29,0,2,1,'/models/model.29/model.29.keras',1729282985),(30,8,2,1,'/models/model.30/model.30.keras',1729290612),(31,0,2,1,'/models/model.31/model.31.keras',1729293705),(32,0,2,1,'/models/model.32/model.32.keras',1729293767),(33,0,3,1,'/models/model.33/model.33.keras',1729348060),(34,0,3,1,'/models/model.34/model.34.keras',1729348080),(35,0,3,1,'/models/model.35/model.35.keras',1729348093),(36,0,3,1,'/models/model.36/model.36.keras',1729351345),(37,0,3,1,'/models/model.37/model.37.keras',1729351370),(38,0,3,1,'/models/model.38/model.38.keras',1729351386),(39,0,3,1,'/models/model.39/model.39.keras',1729354673),(40,0,3,1,'/models/model.40/model.40.keras',1729358292),(41,33,2,1,'/models/model.41/model.41.keras',1729362112),(42,35,2,1,'/models/model.42/model.42.keras',1729362142),(43,37,2,1,'/models/model.43/model.43.keras',1729362160),(44,0,2,1,'/models/model.44/model.44.keras',1729368354),(45,36,2,1,'/models/model.45/model.45.keras',1729369544),(46,38,2,1,'/models/model.46/model.46.keras',1729369599),(47,34,2,1,'/models/model.47/model.47.keras',1729369675),(48,44,4,1,'/models',1729379211),(49,44,4,1,'/models',1729379257),(50,44,4,1,'/models/model.50/model.50.keras',1729380120),(51,44,4,1,'/models/model.51/model.51.keras',1729390075),(52,0,5,1,'/models',1729390228),(53,0,5,1,'/models',1729390231),(54,0,5,1,'/models/model.54/model.54.keras',1729390392),(55,0,5,1,'/models/model.55/model.55.keras',1729390406),(56,0,5,1,'/models/model.56/model.56.keras',1729393681),(57,0,5,1,'/models/model.57/model.57.keras',1729393691),(58,0,5,1,'/models/model.58/model.58.keras',1729396915),(59,0,5,1,'/models/model.59/model.59.keras',1729397000),(60,0,5,1,'/models/model.60/model.60.keras',1729400260),(61,0,5,1,'/models/model.61/model.61.keras',1729400362),(62,54,2,1,'/models/model.62/model.62.keras',1729509839),(63,58,2,1,'/models/model.63/model.63.keras',1729509844),(64,39,2,1,'/models/model.64/model.64.keras',1729509878),(65,59,2,1,'/models/model.65/model.65.keras',1729517552),(66,55,2,1,'/models/model.66/model.66.keras',1729517607),(67,56,2,1,'/models/model.67/model.67.keras',1729525677),(68,60,2,1,'/models/model.68/model.68.keras',1729525731),(69,0,5,1,'/models/model.69/model.69.keras',1729531230),(70,57,2,1,'/models/model.70/model.70.keras',1729533545),(71,61,2,1,'/models/model.71/model.71.keras',1729533810),(72,0,5,1,'/models/model.72/model.72.keras',1729534528),(73,0,5,1,'/models/model.73/model.73.keras',1729537708),(74,0,3,1,'/models/model.74/model.74.keras',1729540946),(75,69,2,1,'/models/model.75/model.75.keras',1729544021),(76,10,2,1,'/models/model.76/model.76.keras',1729544043),(77,0,3,1,'/models/model.77/model.77.keras',1729544424),(78,72,2,1,'/models/model.78/model.78.keras',1729551875),(79,12,2,1,'/models/model.79/model.79.keras',1729552008),(80,40,2,1,'/models/model.80/model.80.keras',1729556224),(81,73,2,1,'/models/model.81/model.81.keras',1729559721),(82,13,2,1,'/models/model.82/model.82.keras',1729559998),(83,74,2,1,'/models/model.83/model.83.keras',1729563830),(84,14,2,1,'/models/model.84/model.84.keras',1729567686),(85,77,2,1,'/models/model.85/model.85.keras',1729571628),(86,15,2,1,'/models/model.86/model.86.keras',1729600967),(87,0,5,1,'/models/model.87/model.87.keras',1729601021),(88,0,5,1,'/models/model.88/model.88.keras',1729601041),(89,0,5,1,'/models/model.89/model.89.keras',1729604268),(90,0,3,1,'/models/model.90/model.90.keras',1729604299),(91,16,2,1,'/models/model.91/model.91.keras',1729608630),(92,17,2,1,'/models/model.92/model.92.keras',1729616921),(93,0,2,1,'/models/model.93/model.93.keras',1731355233),(94,0,2,1,'/models',1732674279),(95,0,2,1,'/models',1732735872),(96,0,2,1,'/models',1732736286),(97,0,2,1,'/models',1732736411),(98,0,6,1,'/models',1733351675),(99,0,6,1,'/models',1733351799),(100,0,6,1,'/models',1733351834),(101,0,6,1,'/models',1733351902),(102,0,6,1,'/models/model.102/model.102.keras',1733351974),(103,0,2,1,'/models',1733416651),(104,0,6,1,'/models',1733416672),(105,0,2,1,'/models',1733416703),(106,0,2,1,'/models/model.106/model.106.keras',1733416823),(107,0,6,1,'/models/model.107/model.107.keras',1733417748),(108,0,6,1,'/models/model.108/model.108.keras',1733420316),(109,0,2,1,'/models/model.109/model.109.keras',1733420434),(110,22,6,1,'/models/model.110/model.110.keras',1733444105),(111,0,2,1,'/models/model.111/model.111.keras',1734112880),(112,0,2,1,'/models/model.112/model.112.keras',1734113074),(113,0,2,1,'/models/model.113/model.113.keras',1734459770),(114,0,2,1,'/models/model.114/model.114.keras',1734459807),(115,0,2,1,'/models/model.115/model.115.keras',1734459969),(116,0,2,1,'/models/model.116/model.116.keras',1734461277),(117,0,1,1,'/models/model.117/model.117.keras',1734462279),(118,117,2,1,'/models/model.118/model.118.keras',1734475275),(119,0,2,1,'/models/model.119/model.119.keras',1734498923),(120,0,1,1,'/models/model.120/model.120.keras',1734498931),(121,0,6,1,'/models/model.121/model.121.keras',1736973191),(122,22,7,1,'/models/model.122/model.122.keras',1736974207),(123,0,9,1,'/models',1736980889),(124,0,9,1,'/models',1736980947),(125,0,9,1,'/models/model.125/model.125.keras',1736980964),(126,125,8,1,'/models/model.126/model.126.keras',1736987432),(127,125,8,1,'/models/model.127/model.127.keras',1737130346),(128,22,7,1,'/models/model.128/model.128.keras',1737564316),(129,0,1,1,'/models/model.129/model.129.keras',1738633393),(130,0,1,1,'/models/model.130/model.130.keras',1738633405),(131,0,1,1,'/models/model.131/model.131.keras',1738633417),(132,130,2,1,'/models/model.132/model.132.keras',1738692862),(133,130,2,1,'/models/model.133/model.133.keras',1738705579),(134,130,2,1,'/models/model.134/model.134.keras',1738705581),(135,130,2,1,'/models/model.135/model.135.keras',1738705583),(136,10,2,1,'/models/model.136/model.136.keras',1738716615),(137,10,2,1,'/models/model.137/model.137.keras',1738716621),(138,13,2,1,'/models/model.138/model.138.keras',1738859425),(139,13,2,1,'/models/model.139/model.139.keras',1738859431),(140,0,1,1,'/models/model.140/model.140.keras',1739297798),(141,0,1,1,'/models/model.141/model.141.keras',1739301628),(142,141,2,1,'/models/model.142/model.142.keras',1739304631),(143,0,2,1,'/models/model.143/model.143.keras',1739741531),(144,0,2,1,'/models/model.144/model.144.keras',1739741709),(145,0,2,1,'/models/model.145/model.145.keras',1739741826),(146,0,2,1,'/models/model.146/model.146.keras',1743806799),(147,0,1,1,'/models/model.147/model.147.keras',1743806844),(148,0,1,1,'/models/model.148/model.148.keras',1743806855),(149,0,1,1,'/models/model.149/model.149.keras',1743806862),(150,0,2,1,'/models/model.150/model.150.keras',1748294421),(151,0,2,1,'/models',1764426684),(152,0,2,1,'/models',1764426928),(153,0,2,1,'/models',1764427133),(154,0,2,1,'/models',1764427488),(155,0,2,1,'/models',1764427810),(156,0,2,1,'/models',1764427877),(157,0,2,1,'/models',1764428023),(158,0,2,1,'/models',1764428069),(159,0,2,1,'/models',1764428082),(160,0,10,1,'/models',1764428688),(161,0,10,1,'/models/model.161/model.161.keras',1764428726),(162,0,10,1,'/models/model.162/model.162.keras',1764430536),(163,0,10,1,'/models/model.163/model.163.keras',1764440887),(164,0,10,1,'/models/model.164/model.164.keras',1764440920),(165,0,10,1,'/models/model.165/model.165.keras',1764455093),(166,0,10,1,'/models/model.166/model.166.keras',1764516595),(167,0,10,1,'/models/model.167/model.167.keras',1764622788),(168,0,10,1,'/models/model.168/model.168.keras',1764633037),(169,0,10,1,'/models/model.169/model.169.keras',1764637262),(170,0,10,1,'/models/model.170/model.170.keras',1764643805),(171,0,10,1,'/models/model.171/model.171.keras',1764651076),(172,0,10,1,'/models/model.172/model.172.keras',1764651944),(173,0,10,1,'/models/model.173/model.173.keras',1764685149),(174,0,10,1,'/models/model.174/model.174.keras',1764685175),(175,0,10,1,'/models/model.175/model.175.keras',1764686614),(176,0,10,1,'/models/model.176/model.176.keras',1764687201),(177,0,10,1,'/models/model.177/model.177.keras',1764690695),(178,0,10,1,'/models/model.178/model.178.keras',1764690697),(179,0,10,1,'/models/model.179/model.179.keras',1764693754),(180,0,10,1,'/models/model.180/model.180.keras',1764693755),(181,0,10,1,'/models/model.181/model.181.keras',1764703740),(182,0,10,1,'/models/model.182/model.182.keras',1764706862),(183,0,10,1,'/models/model.183/model.183.keras',1764713456),(184,0,10,1,'/models/model.184/model.184.keras',1764790467),(185,0,11,1,'/models/model.185/model.185.keras',1765230880),(186,0,11,1,'/models/model.186/model.186.keras',1765230946),(187,185,2,1,'/models/model.187/model.187.keras',1765235017),(188,186,2,1,'/models/model.188/model.188.keras',1765235033),(189,0,11,1,'/models/model.189/model.189.keras',1765258928),(190,0,11,1,'/models/model.190/model.190.keras',1765258935),(191,0,11,1,'/models/model.191/model.191.keras',1765280872),(192,0,11,1,'/models/model.192/model.192.keras',1765280877),(193,192,2,1,'/models/model.193/model.193.keras',1765292571),(194,191,2,1,'/models/model.194/model.194.keras',1765292580),(195,0,11,1,'/models/model.195/model.195.keras',1765303323),(196,0,11,1,'/models/model.196/model.196.keras',1765303326),(197,130,7,1,'/models/model.197/model.197.keras',1774539322),(198,0,12,1,'/models',1774554276),(199,0,12,1,'/models/model.199/model.199.keras',1774554355);
/*!40000 ALTER TABLE `models` ENABLE KEYS */;
UNLOCK TABLES;

--
-- Table structure for table `model_attributes`
--

DROP TABLE IF EXISTS `model_attributes`;
/*!40101 SET @saved_cs_client     = @@character_set_client */;
/*!50503 SET character_set_client = utf8mb4 */;
CREATE TABLE `model_attributes` (
  `attribute_id` int NOT NULL AUTO_INCREMENT,
  `model_id` int DEFAULT NULL,
  `attribute` text,
  `value` text,
  PRIMARY KEY (`attribute_id`)
) ENGINE=InnoDB AUTO_INCREMENT=2181 DEFAULT CHARSET=utf8mb4 COLLATE=utf8mb4_0900_ai_ci;
/*!40101 SET character_set_client = @saved_cs_client */;

--
-- Dumping data for table `model_attributes`
--

LOCK TABLES `model_attributes` WRITE;
/*!40000 ALTER TABLE `model_attributes` DISABLE KEYS */;
INSERT INTO `model_attributes` VALUES (1,1,'activation','tanh'),(2,1,'weights_regularizer_coef','0.001'),(3,1,'activity_regularizer_coef','0.001'),(4,1,'learning_rate','0.00001'),(5,1,'noise_level','0.3'),(6,1,'input_noise','0.15'),(7,1,'gamma','0.2'),(8,1,'input_blocks_per_epoch','1.0'),(9,1,'batch_size','2.0'),(10,1,'mse','0.0231957547366619'),(11,1,'epoc','300.0'),(12,1,'model_id','1.0'),(13,2,'activation','tanh'),(14,2,'weights_regularizer_coef','0.001'),(15,2,'activity_regularizer_coef','0.001'),(16,2,'learning_rate','0.00001'),(17,2,'noise_level','0.3'),(18,2,'input_noise','0.15'),(19,2,'gamma','0.2'),(20,2,'input_blocks_per_epoch','1.0'),(21,2,'batch_size','2.0'),(22,2,'mse','0.0255538262426853'),(23,2,'epoc','300.0'),(24,2,'model_id','2.0'),(25,3,'activation','tanh'),(26,3,'weights_regularizer_coef','0.001'),(27,3,'activity_regularizer_coef','0.001'),(28,3,'learning_rate','0.00001'),(29,3,'noise_level','0.3'),(30,3,'input_noise','0.15'),(31,3,'gamma','0.2'),(32,3,'input_blocks_per_epoch','1.0'),(33,3,'batch_size','2.0'),(34,3,'mse','0.0260201375931501'),(35,3,'epoc','300.0'),(36,3,'model_id','3.0'),(37,4,'activation','tanh'),(38,4,'weights_regularizer_coef','0.001'),(39,4,'activity_regularizer_coef','0.001'),(40,4,'learning_rate','0.00001'),(41,4,'noise_level','0.3'),(42,4,'input_noise','0.15'),(43,4,'gamma','0.2'),(44,4,'input_blocks_per_epoch','1.0'),(45,4,'batch_size','2.0'),(46,4,'mse','0.0256145447492599'),(47,4,'epoc','300.0'),(48,4,'model_id','4.0'),(49,5,'activation','tanh'),(50,5,'weights_regularizer_coef','0.001'),(51,5,'activity_regularizer_coef','0.001'),(52,5,'learning_rate','0.00001'),(53,5,'noise_level','0.3'),(54,5,'input_noise','0.15'),(55,5,'gamma','0.2'),(56,5,'input_blocks_per_epoch','1.0'),(57,5,'batch_size','2.0'),(58,5,'mse','0.0255842506885529'),(59,5,'epoc','300.0'),(60,5,'model_id','5.0'),(61,6,'activation','tanh'),(62,6,'weights_regularizer_coef','0.001'),(63,6,'activity_regularizer_coef','0.001'),(64,6,'learning_rate','0.00001'),(65,6,'noise_level','0.3'),(66,6,'input_noise','0.15'),(67,6,'gamma','0.2'),(68,6,'input_blocks_per_epoch','1.0'),(69,6,'batch_size','2.0'),(70,6,'mse','0.025722635909915'),(71,6,'epoc','300.0'),(72,6,'model_id','6.0'),(73,7,'activation','tanh'),(74,7,'weights_regularizer_coef','0.001'),(75,7,'activity_regularizer_coef','0.001'),(76,7,'learning_rate','0.00001'),(77,7,'noise_level','0.3'),(78,7,'input_noise','0.15'),(79,7,'gamma','0.2'),(80,7,'input_blocks_per_epoch','1.0'),(81,7,'batch_size','2.0'),(82,7,'mse','0.0275461617857218'),(83,7,'epoc','300.0'),(84,7,'model_id','7.0'),(85,8,'activation','tanh'),(86,8,'weights_regularizer_coef','0.001'),(87,8,'activity_regularizer_coef','0.001'),(88,8,'learning_rate','0.00001'),(89,8,'noise_level','0.3'),(90,8,'input_noise','0.15'),(91,8,'gamma','0.2'),(92,8,'input_blocks_per_epoch','1.0'),(93,8,'batch_size','2.0'),(94,8,'mse','0.025586536154151'),(95,8,'epoc','300.0'),(96,8,'model_id','8.0'),(97,9,'activation','tanh'),(98,9,'weights_regularizer_coef','0.001'),(99,9,'activity_regularizer_coef','0.001'),(100,9,'learning_rate','0.00001'),(101,9,'noise_level','0.3'),(102,9,'input_noise','0.15'),(103,9,'gamma','0.2'),(104,9,'input_blocks_per_epoch','1.0'),(105,9,'batch_size','2.0'),(106,9,'mse','0.0191509407013655'),(107,9,'epoc','1000.0'),(108,9,'model_id','9.0'),(109,10,'activation','tanh'),(110,10,'weights_regularizer_coef','0.001'),(111,10,'activity_regularizer_coef','0.001'),(112,10,'learning_rate','0.00001'),(113,10,'noise_level','0.3'),(114,10,'input_noise','0.15'),(115,10,'gamma','0.2'),(116,10,'input_blocks_per_epoch','1.0'),(117,10,'batch_size','2.0'),(118,10,'mse','0.0233539957553148'),(119,10,'epoc','300.0'),(120,10,'model_id','10.0'),(121,11,'activation','tanh'),(122,11,'weights_regularizer_coef','0.001'),(123,11,'activity_regularizer_coef','0.001'),(124,11,'learning_rate','0.00001'),(125,11,'noise_level','0.3'),(126,11,'input_noise','0.15'),(127,11,'gamma','0.2'),(128,11,'input_blocks_per_epoch','1.0'),(129,11,'batch_size','2.0'),(130,11,'model_id','11.0'),(131,12,'activation','tanh'),(132,12,'weights_regularizer_coef','0.001'),(133,12,'activity_regularizer_coef','0.001'),(134,12,'learning_rate','0.00001'),(135,12,'noise_level','0.3'),(136,12,'input_noise','0.15'),(137,12,'gamma','0.2'),(138,12,'input_blocks_per_epoch','1.0'),(139,12,'batch_size','2.0'),(140,12,'mse','0.0232201293110847'),(141,12,'epoc','300.0'),(142,12,'model_id','12.0'),(143,13,'activation','tanh'),(144,13,'weights_regularizer_coef','0.001'),(145,13,'activity_regularizer_coef','0.001'),(146,13,'learning_rate','0.00001'),(147,13,'noise_level','0.3'),(148,13,'input_noise','0.15'),(149,13,'gamma','0.2'),(150,13,'input_blocks_per_epoch','1.0'),(151,13,'batch_size','2.0'),(152,13,'mse','0.0278743710368872'),(153,13,'epoc','300.0'),(154,13,'model_id','13.0'),(155,14,'activation','tanh'),(156,14,'weights_regularizer_coef','0.001'),(157,14,'activity_regularizer_coef','0.001'),(158,14,'learning_rate','0.00001'),(159,14,'noise_level','0.3'),(160,14,'input_noise','0.15'),(161,14,'gamma','0.2'),(162,14,'input_blocks_per_epoch','1.0'),(163,14,'batch_size','2.0'),(164,14,'mse','0.0241241790354252'),(165,14,'epoc','300.0'),(166,14,'model_id','14.0'),(167,15,'activation','tanh'),(168,15,'weights_regularizer_coef','0.001'),(169,15,'activity_regularizer_coef','0.001'),(170,15,'learning_rate','0.00001'),(171,15,'noise_level','0.3'),(172,15,'input_noise','0.15'),(173,15,'gamma','0.2'),(174,15,'input_blocks_per_epoch','1.0'),(175,15,'batch_size','2.0'),(176,15,'mse','0.0260880179703236'),(177,15,'epoc','300.0'),(178,15,'model_id','15.0'),(179,16,'activation','tanh'),(180,16,'weights_regularizer_coef','0.001'),(181,16,'activity_regularizer_coef','0.001'),(182,16,'learning_rate','0.00001'),(183,16,'noise_level','0.3'),(184,16,'input_noise','0.15'),(185,16,'gamma','0.2'),(186,16,'input_blocks_per_epoch','1.0'),(187,16,'batch_size','2.0'),(188,16,'mse','0.025295814499259'),(189,16,'epoc','300.0'),(190,16,'model_id','16.0'),(191,17,'activation','tanh'),(192,17,'weights_regularizer_coef','0.001'),(193,17,'activity_regularizer_coef','0.001'),(194,17,'learning_rate','0.00001'),(195,17,'noise_level','0.3'),(196,17,'input_noise','0.15'),(197,17,'gamma','0.2'),(198,17,'input_blocks_per_epoch','1.0'),(199,17,'batch_size','2.0'),(200,17,'mse','0.0241703763604164'),(201,17,'epoc','300.0'),(202,17,'model_id','17.0'),(203,18,'activation','tanh'),(204,18,'weights_regularizer_coef','0.001'),(205,18,'activity_regularizer_coef','0.001'),(206,18,'learning_rate','0.00001'),(207,18,'noise_level','0.3'),(208,18,'input_noise','0.15'),(209,18,'gamma','0.2'),(210,18,'input_blocks_per_epoch','1.0'),(211,18,'batch_size','2.0'),(212,18,'mse','0.0198008678853512'),(213,18,'epoc','1000.0'),(214,18,'model_id','18.0'),(215,19,'activation','tanh'),(216,19,'weights_regularizer_coef','0.001'),(217,19,'activity_regularizer_coef','0.001'),(218,19,'learning_rate','0.00001'),(219,19,'noise_level','0.3'),(220,19,'input_noise','0.15'),(221,19,'gamma','0.2'),(222,19,'input_blocks_per_epoch','1.0'),(223,19,'batch_size','2.0'),(224,19,'mse','0.0311662405729294'),(225,19,'epoc','1000.0'),(226,19,'model_id','19.0'),(227,20,'activation','tanh'),(228,20,'weights_regularizer_coef','0.001'),(229,20,'activity_regularizer_coef','0.001'),(230,20,'learning_rate','0.00001'),(231,20,'noise_level','0.3'),(232,20,'input_noise','0.15'),(233,20,'gamma','0.2'),(234,20,'input_blocks_per_epoch','1.0'),(235,20,'batch_size','2.0'),(236,20,'mse','0.0146588543429971'),(237,20,'epoc','700.0'),(238,20,'model_id','20.0'),(239,21,'activation','tanh'),(240,21,'weights_regularizer_coef','0.001'),(241,21,'activity_regularizer_coef','0.001'),(242,21,'learning_rate','0.00001'),(243,21,'noise_level','0.3'),(244,21,'input_noise','0.15'),(245,21,'gamma','0.2'),(246,21,'input_blocks_per_epoch','1.0'),(247,21,'batch_size','2.0'),(248,21,'mse','0.0151231158524752'),(249,21,'epoc','700.0'),(250,21,'model_id','21.0'),(251,22,'activation','tanh'),(252,22,'weights_regularizer_coef','0.001'),(253,22,'activity_regularizer_coef','0.001'),(254,22,'learning_rate','0.00001'),(255,22,'noise_level','0.3'),(256,22,'input_noise','0.15'),(257,22,'gamma','0.2'),(258,22,'input_blocks_per_epoch','1.0'),(259,22,'batch_size','2.0'),(260,22,'mse','0.0169116891920567'),(261,22,'epoc','700.0'),(262,22,'model_id','22.0'),(263,23,'activation','tanh'),(264,23,'weights_regularizer_coef','0.001'),(265,23,'activity_regularizer_coef','0.001'),(266,23,'learning_rate','0.00001'),(267,23,'noise_level','0.3'),(268,23,'input_noise','0.15'),(269,23,'gamma','0.2'),(270,23,'input_blocks_per_epoch','1.0'),(271,23,'batch_size','2.0'),(272,23,'mse','0.0152878602966666'),(273,23,'epoc','700.0'),(274,23,'model_id','23.0'),(275,24,'activation','tanh'),(276,24,'weights_regularizer_coef','0.001'),(277,24,'activity_regularizer_coef','0.001'),(278,24,'learning_rate','0.00001'),(279,24,'noise_level','0.3'),(280,24,'input_noise','0.15'),(281,24,'gamma','0.2'),(282,24,'input_blocks_per_epoch','1.0'),(283,24,'batch_size','2.0'),(284,24,'mse','0.0192976966500282'),(285,24,'epoc','1000.0'),(286,24,'model_id','24.0'),(287,25,'activation','tanh'),(288,25,'weights_regularizer_coef','0.001'),(289,25,'activity_regularizer_coef','0.001'),(290,25,'learning_rate','0.00001'),(291,25,'noise_level','0.3'),(292,25,'input_noise','0.15'),(293,25,'gamma','0.2'),(294,25,'input_blocks_per_epoch','1.0'),(295,25,'batch_size','2.0'),(296,25,'mse','0.0141841750591993'),(297,25,'epoc','700.0'),(298,25,'model_id','25.0'),(299,26,'activation','tanh'),(300,26,'weights_regularizer_coef','0.001'),(301,26,'activity_regularizer_coef','0.001'),(302,26,'learning_rate','0.00001'),(303,26,'noise_level','0.3'),(304,26,'input_noise','0.15'),(305,26,'gamma','0.2'),(306,26,'input_blocks_per_epoch','1.0'),(307,26,'batch_size','2.0'),(308,26,'mse','0.0141112329438329'),(309,26,'epoc','700.0'),(310,26,'model_id','26.0'),(311,27,'activation','tanh'),(312,27,'weights_regularizer_coef','0.001'),(313,27,'activity_regularizer_coef','0.001'),(314,27,'learning_rate','0.00001'),(315,27,'noise_level','0.3'),(316,27,'input_noise','0.15'),(317,27,'gamma','0.2'),(318,27,'input_blocks_per_epoch','1.0'),(319,27,'batch_size','2.0'),(320,27,'mse','0.0170768201351166'),(321,27,'epoc','700.0'),(322,27,'model_id','27.0'),(323,28,'activation','tanh'),(324,28,'weights_regularizer_coef','0.001'),(325,28,'activity_regularizer_coef','0.001'),(326,28,'learning_rate','0.00001'),(327,28,'noise_level','0.3'),(328,28,'input_noise','0.15'),(329,28,'gamma','0.2'),(330,28,'input_blocks_per_epoch','1.0'),(331,28,'batch_size','2.0'),(332,28,'mse','0.0188742950558662'),(333,28,'epoc','1000.0'),(334,28,'model_id','28.0'),(335,29,'activation','tanh'),(336,29,'weights_regularizer_coef','0.001'),(337,29,'activity_regularizer_coef','0.001'),(338,29,'learning_rate','0.00001'),(339,29,'noise_level','0.3'),(340,29,'input_noise','0.15'),(341,29,'gamma','0.2'),(342,29,'input_blocks_per_epoch','1.0'),(343,29,'batch_size','2.0'),(344,29,'mse','0.0191210974007845'),(345,29,'epoc','1000.0'),(346,29,'model_id','29.0'),(347,30,'activation','tanh'),(348,30,'weights_regularizer_coef','0.001'),(349,30,'activity_regularizer_coef','0.001'),(350,30,'learning_rate','0.00001'),(351,30,'noise_level','0.3'),(352,30,'input_noise','0.15'),(353,30,'gamma','0.2'),(354,30,'input_blocks_per_epoch','1.0'),(355,30,'batch_size','2.0'),(356,30,'mse','0.0148724559694529'),(357,30,'epoc','700.0'),(358,30,'model_id','30.0'),(359,31,'activation','tanh'),(360,31,'weights_regularizer_coef','0.001'),(361,31,'activity_regularizer_coef','0.001'),(362,31,'learning_rate','0.00001'),(363,31,'noise_level','0.3'),(364,31,'input_noise','0.15'),(365,31,'gamma','0.2'),(366,31,'input_blocks_per_epoch','1.0'),(367,31,'batch_size','2.0'),(368,31,'mse','0.016552597284317'),(369,31,'epoc','1000.0'),(370,31,'model_id','31.0'),(371,32,'activation','tanh'),(372,32,'weights_regularizer_coef','0.001'),(373,32,'activity_regularizer_coef','0.001'),(374,32,'learning_rate','0.00001'),(375,32,'noise_level','0.3'),(376,32,'input_noise','0.15'),(377,32,'gamma','0.2'),(378,32,'input_blocks_per_epoch','1.0'),(379,32,'batch_size','2.0'),(380,32,'mse','0.0206908825784922'),(381,32,'epoc','1000.0'),(382,32,'model_id','32.0'),(383,33,'activation','tanh'),(384,33,'weights_regularizer_coef','0.001'),(385,33,'activity_regularizer_coef','0.001'),(386,33,'learning_rate','0.00001'),(387,33,'noise_level','0.3'),(388,33,'input_noise','0.15'),(389,33,'gamma','0.2'),(390,33,'input_blocks_per_epoch','1.0'),(391,33,'batch_size','2.0'),(392,33,'mse','0.0211201645433903'),(393,33,'epoc','300.0'),(394,33,'model_id','33.0'),(395,34,'activation','tanh'),(396,34,'weights_regularizer_coef','0.001'),(397,34,'activity_regularizer_coef','0.001'),(398,34,'learning_rate','0.00001'),(399,34,'noise_level','0.3'),(400,34,'input_noise','0.15'),(401,34,'gamma','0.2'),(402,34,'input_blocks_per_epoch','1.0'),(403,34,'batch_size','2.0'),(404,34,'mse','0.0210278853774071'),(405,34,'epoc','300.0'),(406,34,'model_id','34.0'),(407,35,'activation','tanh'),(408,35,'weights_regularizer_coef','0.001'),(409,35,'activity_regularizer_coef','0.001'),(410,35,'learning_rate','0.00001'),(411,35,'noise_level','0.3'),(412,35,'input_noise','0.15'),(413,35,'gamma','0.2'),(414,35,'input_blocks_per_epoch','1.0'),(415,35,'batch_size','2.0'),(416,35,'mse','0.0195833183825016'),(417,35,'epoc','300.0'),(418,35,'model_id','35.0'),(419,36,'activation','tanh'),(420,36,'weights_regularizer_coef','0.001'),(421,36,'activity_regularizer_coef','0.001'),(422,36,'learning_rate','0.00001'),(423,36,'noise_level','0.3'),(424,36,'input_noise','0.15'),(425,36,'gamma','0.2'),(426,36,'input_blocks_per_epoch','1.0'),(427,36,'batch_size','2.0'),(428,36,'mse','0.0208849478513002'),(429,36,'epoc','300.0'),(430,36,'model_id','36.0'),(431,37,'activation','tanh'),(432,37,'weights_regularizer_coef','0.001'),(433,37,'activity_regularizer_coef','0.001'),(434,37,'learning_rate','0.00001'),(435,37,'noise_level','0.3'),(436,37,'input_noise','0.15'),(437,37,'gamma','0.2'),(438,37,'input_blocks_per_epoch','1.0'),(439,37,'batch_size','2.0'),(440,37,'mse','0.021094486117363'),(441,37,'epoc','300.0'),(442,37,'model_id','37.0'),(443,38,'activation','tanh'),(444,38,'weights_regularizer_coef','0.001'),(445,38,'activity_regularizer_coef','0.001'),(446,38,'learning_rate','0.00001'),(447,38,'noise_level','0.3'),(448,38,'input_noise','0.15'),(449,38,'gamma','0.2'),(450,38,'input_blocks_per_epoch','1.0'),(451,38,'batch_size','2.0'),(452,38,'mse','0.0210387259721756'),(453,38,'epoc','300.0'),(454,38,'model_id','38.0'),(455,39,'activation','tanh'),(456,39,'weights_regularizer_coef','0.001'),(457,39,'activity_regularizer_coef','0.001'),(458,39,'learning_rate','0.00001'),(459,39,'noise_level','0.3'),(460,39,'input_noise','0.15'),(461,39,'gamma','0.2'),(462,39,'input_blocks_per_epoch','1.0'),(463,39,'batch_size','2.0'),(464,39,'mse','0.0222770236432552'),(465,39,'epoc','300.0'),(466,39,'model_id','39.0'),(467,40,'activation','tanh'),(468,40,'weights_regularizer_coef','0.001'),(469,40,'activity_regularizer_coef','0.001'),(470,40,'learning_rate','0.00001'),(471,40,'noise_level','0.3'),(472,40,'input_noise','0.15'),(473,40,'gamma','0.2'),(474,40,'input_blocks_per_epoch','1.0'),(475,40,'batch_size','2.0'),(476,40,'mse','0.0212540216743946'),(477,40,'epoc','300.0'),(478,40,'model_id','40.0'),(479,41,'activation','tanh'),(480,41,'weights_regularizer_coef','0.001'),(481,41,'activity_regularizer_coef','0.001'),(482,41,'learning_rate','0.00001'),(483,41,'noise_level','0.3'),(484,41,'input_noise','0.15'),(485,41,'gamma','0.2'),(486,41,'input_blocks_per_epoch','1.0'),(487,41,'batch_size','2.0'),(488,41,'mse','0.0197017099708319'),(489,41,'epoc','700.0'),(490,41,'model_id','41.0'),(491,42,'activation','tanh'),(492,42,'weights_regularizer_coef','0.001'),(493,42,'activity_regularizer_coef','0.001'),(494,42,'learning_rate','0.00001'),(495,42,'noise_level','0.3'),(496,42,'input_noise','0.15'),(497,42,'gamma','0.2'),(498,42,'input_blocks_per_epoch','1.0'),(499,42,'batch_size','2.0'),(500,42,'mse','0.0171529576182365'),(501,42,'epoc','700.0'),(502,42,'model_id','42.0'),(503,43,'activation','tanh'),(504,43,'weights_regularizer_coef','0.001'),(505,43,'activity_regularizer_coef','0.001'),(506,43,'learning_rate','0.00001'),(507,43,'noise_level','0.3'),(508,43,'input_noise','0.15'),(509,43,'gamma','0.2'),(510,43,'input_blocks_per_epoch','1.0'),(511,43,'batch_size','2.0'),(512,43,'mse','0.0181939415633678'),(513,43,'epoc','700.0'),(514,43,'model_id','43.0'),(515,44,'activation','tanh'),(516,44,'weights_regularizer_coef','0.001'),(517,44,'activity_regularizer_coef','0.001'),(518,44,'learning_rate','0.00001'),(519,44,'noise_level','0.3'),(520,44,'input_noise','0.15'),(521,44,'gamma','0.2'),(522,44,'input_blocks_per_epoch','1.0'),(523,44,'batch_size','2.0'),(524,44,'mse','0.0291300397366285'),(525,44,'epoc','300.0'),(526,44,'model_id','44.0'),(527,45,'activation','tanh'),(528,45,'weights_regularizer_coef','0.001'),(529,45,'activity_regularizer_coef','0.001'),(530,45,'learning_rate','0.00001'),(531,45,'noise_level','0.3'),(532,45,'input_noise','0.15'),(533,45,'gamma','0.2'),(534,45,'input_blocks_per_epoch','1.0'),(535,45,'batch_size','2.0'),(536,45,'mse','0.016842920333147'),(537,45,'epoc','700.0'),(538,45,'model_id','45.0'),(539,46,'activation','tanh'),(540,46,'weights_regularizer_coef','0.001'),(541,46,'activity_regularizer_coef','0.001'),(542,46,'learning_rate','0.00001'),(543,46,'noise_level','0.3'),(544,46,'input_noise','0.15'),(545,46,'gamma','0.2'),(546,46,'input_blocks_per_epoch','1.0'),(547,46,'batch_size','2.0'),(548,46,'mse','0.0196355395019054'),(549,46,'epoc','700.0'),(550,46,'model_id','46.0'),(551,47,'activation','tanh'),(552,47,'weights_regularizer_coef','0.001'),(553,47,'activity_regularizer_coef','0.001'),(554,47,'learning_rate','0.00001'),(555,47,'noise_level','0.3'),(556,47,'input_noise','0.15'),(557,47,'gamma','0.2'),(558,47,'input_blocks_per_epoch','1.0'),(559,47,'batch_size','2.0'),(560,47,'mse','0.0185307245701551'),(561,47,'epoc','700.0'),(562,47,'model_id','47.0'),(563,48,'activation','tanh'),(564,48,'weights_regularizer_coef','0.001'),(565,48,'activity_regularizer_coef','0.001'),(566,48,'learning_rate','0.00001'),(567,48,'noise_level','0.3'),(568,48,'input_noise','0.15'),(569,48,'gamma','0.2'),(570,48,'input_blocks_per_epoch','1.0'),(571,48,'batch_size','2.0'),(572,48,'model_id','48.0'),(573,49,'activation','tanh'),(574,49,'weights_regularizer_coef','0.001'),(575,49,'activity_regularizer_coef','0.001'),(576,49,'learning_rate','0.00001'),(577,49,'noise_level','0.3'),(578,49,'input_noise','0.15'),(579,49,'gamma','0.2'),(580,49,'input_blocks_per_epoch','1.0'),(581,49,'batch_size','2.0'),(582,49,'model_id','49.0'),(583,50,'activation','tanh'),(584,50,'weights_regularizer_coef','0.001'),(585,50,'activity_regularizer_coef','0.001'),(586,50,'learning_rate','0.00001'),(587,50,'noise_level','0.3'),(588,50,'input_noise','0.15'),(589,50,'gamma','0.2'),(590,50,'input_blocks_per_epoch','1.0'),(591,50,'batch_size','2.0'),(592,50,'mse','0.024027232080698'),(593,50,'epoc','700.0'),(594,50,'model_id','50.0'),(595,51,'activation','tanh'),(596,51,'weights_regularizer_coef','0.001'),(597,51,'activity_regularizer_coef','0.001'),(598,51,'learning_rate','0.00001'),(599,51,'noise_level','0.3'),(600,51,'input_noise','0.15'),(601,51,'gamma','0.2'),(602,51,'input_blocks_per_epoch','1.0'),(603,51,'batch_size','2.0'),(604,51,'mse','0.0216126441955566'),(605,51,'epoc','700.0'),(606,51,'model_id','51.0'),(607,52,'activation','tanh'),(608,52,'weights_regularizer_coef','0.001'),(609,52,'activity_regularizer_coef','0.001'),(610,52,'learning_rate','0.00001'),(611,52,'noise_level','0.3'),(612,52,'input_noise','0.15'),(613,52,'gamma','0.2'),(614,52,'input_blocks_per_epoch','1.0'),(615,52,'batch_size','2.0'),(616,52,'model_id','52.0'),(617,53,'activation','tanh'),(618,53,'weights_regularizer_coef','0.001'),(619,53,'activity_regularizer_coef','0.001'),(620,53,'learning_rate','0.00001'),(621,53,'noise_level','0.3'),(622,53,'input_noise','0.15'),(623,53,'gamma','0.2'),(624,53,'input_blocks_per_epoch','1.0'),(625,53,'batch_size','2.0'),(626,53,'model_id','53.0'),(627,54,'activation','tanh'),(628,54,'weights_regularizer_coef','0.001'),(629,54,'activity_regularizer_coef','0.001'),(630,54,'learning_rate','0.00001'),(631,54,'noise_level','0.3'),(632,54,'input_noise','0.15'),(633,54,'gamma','0.2'),(634,54,'input_blocks_per_epoch','1.0'),(635,54,'batch_size','2.0'),(636,54,'mse','0.0198782775551081'),(637,54,'epoc','300.0'),(638,54,'model_id','54.0'),(639,55,'activation','tanh'),(640,55,'weights_regularizer_coef','0.001'),(641,55,'activity_regularizer_coef','0.001'),(642,55,'learning_rate','0.00001'),(643,55,'noise_level','0.3'),(644,55,'input_noise','0.15'),(645,55,'gamma','0.2'),(646,55,'input_blocks_per_epoch','1.0'),(647,55,'batch_size','2.0'),(648,55,'mse','0.0188435595482588'),(649,55,'epoc','300.0'),(650,55,'model_id','55.0'),(651,56,'activation','tanh'),(652,56,'weights_regularizer_coef','0.001'),(653,56,'activity_regularizer_coef','0.001'),(654,56,'learning_rate','0.00001'),(655,56,'noise_level','0.3'),(656,56,'input_noise','0.15'),(657,56,'gamma','0.2'),(658,56,'input_blocks_per_epoch','1.0'),(659,56,'batch_size','2.0'),(660,56,'mse','0.0182550232857466'),(661,56,'epoc','300.0'),(662,56,'model_id','56.0'),(663,57,'activation','tanh'),(664,57,'weights_regularizer_coef','0.001'),(665,57,'activity_regularizer_coef','0.001'),(666,57,'learning_rate','0.00001'),(667,57,'noise_level','0.3'),(668,57,'input_noise','0.15'),(669,57,'gamma','0.2'),(670,57,'input_blocks_per_epoch','1.0'),(671,57,'batch_size','2.0'),(672,57,'mse','0.0188359376043081'),(673,57,'epoc','300.0'),(674,57,'model_id','57.0'),(675,58,'activation','tanh'),(676,58,'weights_regularizer_coef','0.001'),(677,58,'activity_regularizer_coef','0.001'),(678,58,'learning_rate','0.00001'),(679,58,'noise_level','0.3'),(680,58,'input_noise','0.15'),(681,58,'gamma','0.2'),(682,58,'input_blocks_per_epoch','1.0'),(683,58,'batch_size','2.0'),(684,58,'mse','0.0189258735626936'),(685,58,'epoc','300.0'),(686,58,'model_id','58.0'),(687,59,'activation','tanh'),(688,59,'weights_regularizer_coef','0.001'),(689,59,'activity_regularizer_coef','0.001'),(690,59,'learning_rate','0.00001'),(691,59,'noise_level','0.3'),(692,59,'input_noise','0.15'),(693,59,'gamma','0.2'),(694,59,'input_blocks_per_epoch','1.0'),(695,59,'batch_size','2.0'),(696,59,'mse','0.0186153557151556'),(697,59,'epoc','300.0'),(698,59,'model_id','59.0'),(699,60,'activation','tanh'),(700,60,'weights_regularizer_coef','0.001'),(701,60,'activity_regularizer_coef','0.001'),(702,60,'learning_rate','0.00001'),(703,60,'noise_level','0.3'),(704,60,'input_noise','0.15'),(705,60,'gamma','0.2'),(706,60,'input_blocks_per_epoch','1.0'),(707,60,'batch_size','2.0'),(708,60,'mse','0.0189153626561165'),(709,60,'epoc','300.0'),(710,60,'model_id','60.0'),(711,61,'activation','tanh'),(712,61,'weights_regularizer_coef','0.001'),(713,61,'activity_regularizer_coef','0.001'),(714,61,'learning_rate','0.00001'),(715,61,'noise_level','0.3'),(716,61,'input_noise','0.15'),(717,61,'gamma','0.2'),(718,61,'input_blocks_per_epoch','1.0'),(719,61,'batch_size','2.0'),(720,61,'mse','0.0187393743544817'),(721,61,'epoc','300.0'),(722,61,'model_id','61.0'),(723,62,'activation','tanh'),(724,62,'weights_regularizer_coef','0.001'),(725,62,'activity_regularizer_coef','0.001'),(726,62,'learning_rate','0.00001'),(727,62,'noise_level','0.3'),(728,62,'input_noise','0.15'),(729,62,'gamma','0.2'),(730,62,'input_blocks_per_epoch','1.0'),(731,62,'batch_size','2.0'),(732,62,'mse','0.0160119738429785'),(733,62,'epoc','700.0'),(734,62,'model_id','62.0'),(735,63,'activation','tanh'),(736,63,'weights_regularizer_coef','0.001'),(737,63,'activity_regularizer_coef','0.001'),(738,63,'learning_rate','0.00001'),(739,63,'noise_level','0.3'),(740,63,'input_noise','0.15'),(741,63,'gamma','0.2'),(742,63,'input_blocks_per_epoch','1.0'),(743,63,'batch_size','2.0'),(744,63,'mse','0.0184474345296621'),(745,63,'epoc','700.0'),(746,63,'model_id','63.0'),(747,64,'activation','tanh'),(748,64,'weights_regularizer_coef','0.001'),(749,64,'activity_regularizer_coef','0.001'),(750,64,'learning_rate','0.00001'),(751,64,'noise_level','0.3'),(752,64,'input_noise','0.15'),(753,64,'gamma','0.2'),(754,64,'input_blocks_per_epoch','1.0'),(755,64,'batch_size','2.0'),(756,64,'mse','0.0181738678365946'),(757,64,'epoc','700.0'),(758,64,'model_id','64.0'),(759,65,'activation','tanh'),(760,65,'weights_regularizer_coef','0.001'),(761,65,'activity_regularizer_coef','0.001'),(762,65,'learning_rate','0.00001'),(763,65,'noise_level','0.3'),(764,65,'input_noise','0.15'),(765,65,'gamma','0.2'),(766,65,'input_blocks_per_epoch','1.0'),(767,65,'batch_size','2.0'),(768,65,'mse','0.0153534794226289'),(769,65,'epoc','700.0'),(770,65,'model_id','65.0'),(771,66,'activation','tanh'),(772,66,'weights_regularizer_coef','0.001'),(773,66,'activity_regularizer_coef','0.001'),(774,66,'learning_rate','0.00001'),(775,66,'noise_level','0.3'),(776,66,'input_noise','0.15'),(777,66,'gamma','0.2'),(778,66,'input_blocks_per_epoch','1.0'),(779,66,'batch_size','2.0'),(780,66,'mse','0.0178850330412388'),(781,66,'epoc','700.0'),(782,66,'model_id','66.0'),(783,67,'activation','tanh'),(784,67,'weights_regularizer_coef','0.001'),(785,67,'activity_regularizer_coef','0.001'),(786,67,'learning_rate','0.00001'),(787,67,'noise_level','0.3'),(788,67,'input_noise','0.15'),(789,67,'gamma','0.2'),(790,67,'input_blocks_per_epoch','1.0'),(791,67,'batch_size','2.0'),(792,67,'mse','0.0149785345420241'),(793,67,'epoc','700.0'),(794,67,'model_id','67.0'),(795,68,'activation','tanh'),(796,68,'weights_regularizer_coef','0.001'),(797,68,'activity_regularizer_coef','0.001'),(798,68,'learning_rate','0.00001'),(799,68,'noise_level','0.3'),(800,68,'input_noise','0.15'),(801,68,'gamma','0.2'),(802,68,'input_blocks_per_epoch','1.0'),(803,68,'batch_size','2.0'),(804,68,'mse','0.0201950035989285'),(805,68,'epoc','700.0'),(806,68,'model_id','68.0'),(807,69,'activation','tanh'),(808,69,'weights_regularizer_coef','0.001'),(809,69,'activity_regularizer_coef','0.001'),(810,69,'learning_rate','0.00001'),(811,69,'noise_level','0.3'),(812,69,'input_noise','0.15'),(813,69,'gamma','0.2'),(814,69,'input_blocks_per_epoch','1.0'),(815,69,'batch_size','2.0'),(816,69,'mse','0.0175791252404451'),(817,69,'epoc','300.0'),(818,69,'model_id','69.0'),(819,70,'activation','tanh'),(820,70,'weights_regularizer_coef','0.001'),(821,70,'activity_regularizer_coef','0.001'),(822,70,'learning_rate','0.00001'),(823,70,'noise_level','0.3'),(824,70,'input_noise','0.15'),(825,70,'gamma','0.2'),(826,70,'input_blocks_per_epoch','1.0'),(827,70,'batch_size','2.0'),(828,70,'mse','0.019395861774683'),(829,70,'epoc','700.0'),(830,70,'model_id','70.0'),(831,71,'activation','tanh'),(832,71,'weights_regularizer_coef','0.001'),(833,71,'activity_regularizer_coef','0.001'),(834,71,'learning_rate','0.00001'),(835,71,'noise_level','0.3'),(836,71,'input_noise','0.15'),(837,71,'gamma','0.2'),(838,71,'input_blocks_per_epoch','1.0'),(839,71,'batch_size','2.0'),(840,71,'mse','0.0190762672573328'),(841,71,'epoc','700.0'),(842,71,'model_id','71.0'),(843,72,'activation','tanh'),(844,72,'weights_regularizer_coef','0.001'),(845,72,'activity_regularizer_coef','0.001'),(846,72,'learning_rate','0.00001'),(847,72,'noise_level','0.3'),(848,72,'input_noise','0.15'),(849,72,'gamma','0.2'),(850,72,'input_blocks_per_epoch','1.0'),(851,72,'batch_size','2.0'),(852,72,'mse','0.0194783788174391'),(853,72,'epoc','300.0'),(854,72,'model_id','72.0'),(855,73,'activation','tanh'),(856,73,'weights_regularizer_coef','0.001'),(857,73,'activity_regularizer_coef','0.001'),(858,73,'learning_rate','0.00001'),(859,73,'noise_level','0.3'),(860,73,'input_noise','0.15'),(861,73,'gamma','0.2'),(862,73,'input_blocks_per_epoch','1.0'),(863,73,'batch_size','2.0'),(864,73,'mse','0.018739178776741'),(865,73,'epoc','300.0'),(866,73,'model_id','73.0'),(867,74,'activation','tanh'),(868,74,'weights_regularizer_coef','0.001'),(869,74,'activity_regularizer_coef','0.001'),(870,74,'learning_rate','0.00001'),(871,74,'noise_level','0.3'),(872,74,'input_noise','0.15'),(873,74,'gamma','0.2'),(874,74,'input_blocks_per_epoch','1.0'),(875,74,'batch_size','2.0'),(876,74,'mse','0.0195713471621275'),(877,74,'epoc','300.0'),(878,74,'model_id','74.0'),(879,75,'activation','tanh'),(880,75,'weights_regularizer_coef','0.001'),(881,75,'activity_regularizer_coef','0.001'),(882,75,'learning_rate','0.00001'),(883,75,'noise_level','0.3'),(884,75,'input_noise','0.15'),(885,75,'gamma','0.2'),(886,75,'input_blocks_per_epoch','1.0'),(887,75,'batch_size','2.0'),(888,75,'mse','0.0199955776333809'),(889,75,'epoc','700.0'),(890,75,'model_id','75.0'),(891,76,'activation','tanh'),(892,76,'weights_regularizer_coef','0.001'),(893,76,'activity_regularizer_coef','0.001'),(894,76,'learning_rate','0.00001'),(895,76,'noise_level','0.3'),(896,76,'input_noise','0.15'),(897,76,'gamma','0.2'),(898,76,'input_blocks_per_epoch','1.0'),(899,76,'batch_size','2.0'),(900,76,'mse','0.0139897996559739'),(901,76,'epoc','700.0'),(902,76,'model_id','76.0'),(903,77,'activation','tanh'),(904,77,'weights_regularizer_coef','0.001'),(905,77,'activity_regularizer_coef','0.001'),(906,77,'learning_rate','0.00001'),(907,77,'noise_level','0.3'),(908,77,'input_noise','0.15'),(909,77,'gamma','0.2'),(910,77,'input_blocks_per_epoch','1.0'),(911,77,'batch_size','2.0'),(912,77,'mse','0.0204401481896639'),(913,77,'epoc','300.0'),(914,77,'model_id','77.0'),(915,78,'activation','tanh'),(916,78,'weights_regularizer_coef','0.001'),(917,78,'activity_regularizer_coef','0.001'),(918,78,'learning_rate','0.00001'),(919,78,'noise_level','0.3'),(920,78,'input_noise','0.15'),(921,78,'gamma','0.2'),(922,78,'input_blocks_per_epoch','1.0'),(923,78,'batch_size','2.0'),(924,78,'mse','0.0148942843079567'),(925,78,'epoc','700.0'),(926,78,'model_id','78.0'),(927,79,'activation','tanh'),(928,79,'weights_regularizer_coef','0.001'),(929,79,'activity_regularizer_coef','0.001'),(930,79,'learning_rate','0.00001'),(931,79,'noise_level','0.3'),(932,79,'input_noise','0.15'),(933,79,'gamma','0.2'),(934,79,'input_blocks_per_epoch','1.0'),(935,79,'batch_size','2.0'),(936,79,'mse','0.0158508121967316'),(937,79,'epoc','700.0'),(938,79,'model_id','79.0'),(939,80,'activation','tanh'),(940,80,'weights_regularizer_coef','0.001'),(941,80,'activity_regularizer_coef','0.001'),(942,80,'learning_rate','0.00001'),(943,80,'noise_level','0.3'),(944,80,'input_noise','0.15'),(945,80,'gamma','0.2'),(946,80,'input_blocks_per_epoch','1.0'),(947,80,'batch_size','2.0'),(948,80,'mse','0.0166763663291931'),(949,80,'epoc','700.0'),(950,80,'model_id','80.0'),(951,81,'activation','tanh'),(952,81,'weights_regularizer_coef','0.001'),(953,81,'activity_regularizer_coef','0.001'),(954,81,'learning_rate','0.00001'),(955,81,'noise_level','0.3'),(956,81,'input_noise','0.15'),(957,81,'gamma','0.2'),(958,81,'input_blocks_per_epoch','1.0'),(959,81,'batch_size','2.0'),(960,81,'mse','0.0227265581488609'),(961,81,'epoc','700.0'),(962,81,'model_id','81.0'),(963,82,'activation','tanh'),(964,82,'weights_regularizer_coef','0.001'),(965,82,'activity_regularizer_coef','0.001'),(966,82,'learning_rate','0.00001'),(967,82,'noise_level','0.3'),(968,82,'input_noise','0.15'),(969,82,'gamma','0.2'),(970,82,'input_blocks_per_epoch','1.0'),(971,82,'batch_size','2.0'),(972,82,'mse','0.0139864441007376'),(973,82,'epoc','700.0'),(974,82,'model_id','82.0'),(975,83,'activation','tanh'),(976,83,'weights_regularizer_coef','0.001'),(977,83,'activity_regularizer_coef','0.001'),(978,83,'learning_rate','0.00001'),(979,83,'noise_level','0.3'),(980,83,'input_noise','0.15'),(981,83,'gamma','0.2'),(982,83,'input_blocks_per_epoch','1.0'),(983,83,'batch_size','2.0'),(984,83,'mse','0.0219373870640993'),(985,83,'epoc','700.0'),(986,83,'model_id','83.0'),(987,84,'activation','tanh'),(988,84,'weights_regularizer_coef','0.001'),(989,84,'activity_regularizer_coef','0.001'),(990,84,'learning_rate','0.00001'),(991,84,'noise_level','0.3'),(992,84,'input_noise','0.15'),(993,84,'gamma','0.2'),(994,84,'input_blocks_per_epoch','1.0'),(995,84,'batch_size','2.0'),(996,84,'mse','0.0152391297742724'),(997,84,'epoc','700.0'),(998,84,'model_id','84.0'),(999,85,'activation','tanh'),(1000,85,'weights_regularizer_coef','0.001'),(1001,85,'activity_regularizer_coef','0.001'),(1002,85,'learning_rate','0.00001'),(1003,85,'noise_level','0.3'),(1004,85,'input_noise','0.15'),(1005,85,'gamma','0.2'),(1006,85,'input_blocks_per_epoch','1.0'),(1007,85,'batch_size','2.0'),(1008,85,'mse','0.0218920670449734'),(1009,85,'epoc','700.0'),(1010,85,'model_id','85.0'),(1011,86,'activation','tanh'),(1012,86,'weights_regularizer_coef','0.001'),(1013,86,'activity_regularizer_coef','0.001'),(1014,86,'learning_rate','0.00001'),(1015,86,'noise_level','0.3'),(1016,86,'input_noise','0.15'),(1017,86,'gamma','0.2'),(1018,86,'input_blocks_per_epoch','1.0'),(1019,86,'batch_size','2.0'),(1020,86,'mse','0.0151201626285911'),(1021,86,'epoc','700.0'),(1022,86,'model_id','86.0'),(1023,87,'activation','tanh'),(1024,87,'weights_regularizer_coef','0.001'),(1025,87,'activity_regularizer_coef','0.001'),(1026,87,'learning_rate','0.00001'),(1027,87,'noise_level','0.3'),(1028,87,'input_noise','0.15'),(1029,87,'gamma','0.2'),(1030,87,'input_blocks_per_epoch','1.0'),(1031,87,'batch_size','2.0'),(1032,87,'mse','0.0180335901677608'),(1033,87,'epoc','300.0'),(1034,87,'model_id','87.0'),(1035,88,'activation','tanh'),(1036,88,'weights_regularizer_coef','0.001'),(1037,88,'activity_regularizer_coef','0.001'),(1038,88,'learning_rate','0.00001'),(1039,88,'noise_level','0.3'),(1040,88,'input_noise','0.15'),(1041,88,'gamma','0.2'),(1042,88,'input_blocks_per_epoch','1.0'),(1043,88,'batch_size','2.0'),(1044,88,'mse','0.0199517719447613'),(1045,88,'epoc','300.0'),(1046,88,'model_id','88.0'),(1047,89,'activation','tanh'),(1048,89,'weights_regularizer_coef','0.001'),(1049,89,'activity_regularizer_coef','0.001'),(1050,89,'learning_rate','0.00001'),(1051,89,'noise_level','0.3'),(1052,89,'input_noise','0.15'),(1053,89,'gamma','0.2'),(1054,89,'input_blocks_per_epoch','1.0'),(1055,89,'batch_size','2.0'),(1056,89,'mse','0.0179743692278862'),(1057,89,'epoc','300.0'),(1058,89,'model_id','89.0'),(1059,90,'activation','tanh'),(1060,90,'weights_regularizer_coef','0.001'),(1061,90,'activity_regularizer_coef','0.001'),(1062,90,'learning_rate','0.00001'),(1063,90,'noise_level','0.3'),(1064,90,'input_noise','0.15'),(1065,90,'gamma','0.2'),(1066,90,'input_blocks_per_epoch','1.0'),(1067,90,'batch_size','2.0'),(1068,90,'mse','0.0212669260799885'),(1069,90,'epoc','300.0'),(1070,90,'model_id','90.0'),(1071,91,'activation','tanh'),(1072,91,'weights_regularizer_coef','0.001'),(1073,91,'activity_regularizer_coef','0.001'),(1074,91,'learning_rate','0.00001'),(1075,91,'noise_level','0.3'),(1076,91,'input_noise','0.15'),(1077,91,'gamma','0.2'),(1078,91,'input_blocks_per_epoch','1.0'),(1079,91,'batch_size','2.0'),(1080,91,'mse','0.016601799055934'),(1081,91,'epoc','700.0'),(1082,91,'model_id','91.0'),(1083,92,'activation','tanh'),(1084,92,'weights_regularizer_coef','0.001'),(1085,92,'activity_regularizer_coef','0.001'),(1086,92,'learning_rate','0.00001'),(1087,92,'noise_level','0.3'),(1088,92,'input_noise','0.15'),(1089,92,'gamma','0.2'),(1090,92,'input_blocks_per_epoch','1.0'),(1091,92,'batch_size','2.0'),(1092,92,'mse','0.0161233134567738'),(1093,92,'epoc','700.0'),(1094,92,'model_id','92.0'),(1095,93,'activation','tanh'),(1096,93,'weights_regularizer_coef','0.001'),(1097,93,'activity_regularizer_coef','0.001'),(1098,93,'learning_rate','0.00001'),(1099,93,'noise_level','0.3'),(1100,93,'input_noise','0.15'),(1101,93,'gamma','0.2'),(1102,93,'input_blocks_per_epoch','1'),(1103,93,'batch_size','2'),(1104,93,'mse','0.0191129669547081'),(1105,93,'epoc','1000'),(1106,94,'activation','tanh'),(1107,94,'weights_regularizer_coef','0.001'),(1108,94,'activity_regularizer_coef','0.001'),(1109,94,'learning_rate','0.00001'),(1110,94,'noise_level','0.3'),(1111,94,'input_noise','0.15'),(1112,94,'gamma','0.2'),(1113,94,'input_blocks_per_epoch','1'),(1114,94,'batch_size','2'),(1115,95,'activation','tanh'),(1116,95,'weights_regularizer_coef','0.001'),(1117,98,'activation','tanh'),(1118,98,'weights_regularizer_coef','0.001'),(1119,98,'activity_regularizer_coef','0.001'),(1120,98,'learning_rate','0.00001'),(1121,98,'noise_level','0.3'),(1122,98,'input_noise','0.15'),(1123,98,'gamma','0.2'),(1124,98,'input_blocks_per_epoch','1'),(1125,98,'batch_size','2'),(1126,99,'activation','tanh'),(1127,99,'weights_regularizer_coef','0.001'),(1128,99,'activity_regularizer_coef','0.001'),(1129,99,'learning_rate','0.00001'),(1130,99,'noise_level','0.3'),(1131,99,'input_noise','0.15'),(1132,99,'gamma','0.2'),(1133,99,'input_blocks_per_epoch','1'),(1134,99,'batch_size','2'),(1135,100,'activation','tanh'),(1136,100,'weights_regularizer_coef','0.001'),(1137,100,'activity_regularizer_coef','0.001'),(1138,100,'learning_rate','0.00001'),(1139,100,'noise_level','0.3'),(1140,100,'input_noise','0.15'),(1141,100,'gamma','0.2'),(1142,100,'input_blocks_per_epoch','1'),(1143,100,'batch_size','2'),(1144,101,'activation','tanh'),(1145,101,'weights_regularizer_coef','0.001'),(1146,101,'activity_regularizer_coef','0.001'),(1147,101,'learning_rate','0.00001'),(1148,101,'noise_level','0.3'),(1149,101,'input_noise','0.15'),(1150,101,'gamma','0.2'),(1151,101,'input_blocks_per_epoch','1'),(1152,101,'batch_size','2'),(1153,102,'activation','tanh'),(1154,102,'weights_regularizer_coef','0.001'),(1155,102,'activity_regularizer_coef','0.001'),(1156,102,'learning_rate','0.00001'),(1157,102,'noise_level','0.3'),(1158,102,'input_noise','0.15'),(1159,102,'gamma','0.2'),(1160,102,'input_blocks_per_epoch','1'),(1161,102,'batch_size','2'),(1162,102,'mse','0.047579552978277206'),(1163,102,'epoc','100'),(1164,103,'activation','tanh'),(1165,103,'weights_regularizer_coef','0.001'),(1166,103,'activity_regularizer_coef','0.001'),(1167,103,'learning_rate','0.00001'),(1168,103,'noise_level','0.3'),(1169,103,'input_noise','0.15'),(1170,103,'gamma','0.2'),(1171,103,'input_blocks_per_epoch','1'),(1172,103,'batch_size','2'),(1173,104,'activation','tanh'),(1174,104,'weights_regularizer_coef','0.001'),(1175,104,'activity_regularizer_coef','0.001'),(1176,104,'learning_rate','0.00001'),(1177,104,'noise_level','0.3'),(1178,104,'input_noise','0.15'),(1179,104,'gamma','0.2'),(1180,104,'input_blocks_per_epoch','1'),(1181,104,'batch_size','2'),(1182,105,'activation','tanh'),(1183,105,'weights_regularizer_coef','0.001'),(1184,105,'activity_regularizer_coef','0.001'),(1185,105,'learning_rate','0.00001'),(1186,105,'noise_level','0.3'),(1187,105,'input_noise','0.15'),(1188,105,'gamma','0.2'),(1189,105,'input_blocks_per_epoch','1'),(1190,105,'batch_size','2'),(1191,106,'activation','tanh'),(1192,106,'weights_regularizer_coef','0.001'),(1193,106,'activity_regularizer_coef','0.001'),(1194,106,'learning_rate','0.00001'),(1195,106,'noise_level','0.3'),(1196,106,'input_noise','0.15'),(1197,106,'gamma','0.2'),(1198,106,'input_blocks_per_epoch','1'),(1199,106,'batch_size','2'),(1200,106,'mse','0.038332633674144745'),(1201,106,'epoc','100'),(1202,107,'activation','tanh'),(1203,107,'weights_regularizer_coef','0.001'),(1204,107,'activity_regularizer_coef','0.001'),(1205,107,'learning_rate','0.00001'),(1206,107,'noise_level','0.3'),(1207,107,'input_noise','0.15'),(1208,107,'gamma','0.2'),(1209,107,'input_blocks_per_epoch','1'),(1210,107,'batch_size','2'),(1211,107,'mse','0.039912521839141846'),(1212,107,'epoc','100'),(1213,108,'activation','tanh'),(1214,108,'weights_regularizer_coef','0.001'),(1215,108,'activity_regularizer_coef','0.001'),(1216,108,'learning_rate','0.00001'),(1217,108,'noise_level','0.3'),(1218,108,'input_noise','0.15'),(1219,108,'gamma','0.2'),(1220,108,'input_blocks_per_epoch','1'),(1221,108,'batch_size','2'),(1222,109,'activation','tanh'),(1223,109,'weights_regularizer_coef','0.001'),(1224,109,'activity_regularizer_coef','0.001'),(1225,109,'learning_rate','0.00001'),(1226,109,'noise_level','0.3'),(1227,109,'input_noise','0.15'),(1228,109,'gamma','0.2'),(1229,109,'input_blocks_per_epoch','1'),(1230,109,'batch_size','2'),(1231,108,'mse','0.028813540935516357'),(1232,108,'epoc','1000'),(1233,109,'mse','0.01894836314022541'),(1234,109,'epoc','1000'),(1235,110,'activation','tanh'),(1236,110,'weights_regularizer_coef','0.001'),(1237,110,'activity_regularizer_coef','0.001'),(1238,110,'learning_rate','0.00001'),(1239,110,'noise_level','0.3'),(1240,110,'input_noise','0.15'),(1241,110,'gamma','0.2'),(1242,110,'input_blocks_per_epoch','1'),(1243,110,'batch_size','2.0'),(1244,111,'activation','tanh'),(1245,111,'weights_regularizer_coef','0.001'),(1246,111,'activity_regularizer_coef','0.001'),(1247,111,'learning_rate','0.00001'),(1248,111,'noise_level','0.3'),(1249,111,'input_noise','0.15'),(1250,111,'gamma','0.2'),(1251,111,'input_blocks_per_epoch','1'),(1252,111,'batch_size','2'),(1253,112,'activation','tanh'),(1254,112,'weights_regularizer_coef','0.001'),(1255,112,'activity_regularizer_coef','0.001'),(1256,112,'learning_rate','0.00001'),(1257,112,'noise_level','0.3'),(1258,112,'input_noise','0.15'),(1259,112,'gamma','0.2'),(1260,112,'input_blocks_per_epoch','1'),(1261,112,'batch_size','2'),(1262,111,'mse','0.028395947068929672'),(1263,111,'epoc','300'),(1264,112,'mse','0.028077678754925728'),(1265,112,'epoc','300'),(1266,113,'activation','tanh'),(1267,113,'weights_regularizer_coef','0.001'),(1268,113,'activity_regularizer_coef','0.001'),(1269,113,'learning_rate','0.00001'),(1270,113,'noise_level','0.3'),(1271,113,'input_noise','0.15'),(1272,113,'gamma','0.2'),(1273,113,'input_blocks_per_epoch','1'),(1274,113,'batch_size','2'),(1275,114,'activation','tanh'),(1276,114,'weights_regularizer_coef','0.001'),(1277,114,'activity_regularizer_coef','0.001'),(1278,114,'learning_rate','0.00001'),(1279,114,'noise_level','0.3'),(1280,114,'input_noise','0.15'),(1281,114,'gamma','0.2'),(1282,114,'input_blocks_per_epoch','1'),(1283,114,'batch_size','2'),(1284,115,'activation','tanh'),(1285,115,'weights_regularizer_coef','0.001'),(1286,115,'activity_regularizer_coef','0.001'),(1287,115,'learning_rate','0.00001'),(1288,115,'noise_level','0.3'),(1289,115,'input_noise','0.15'),(1290,115,'gamma','0.2'),(1291,115,'input_blocks_per_epoch','1'),(1292,115,'batch_size','2'),(1293,115,'mse','0.05005870759487152'),(1294,115,'epoc','10'),(1295,116,'activation','tanh'),(1296,116,'weights_regularizer_coef','0.001'),(1297,116,'activity_regularizer_coef','0.001'),(1298,116,'learning_rate','0.00001'),(1299,116,'noise_level','0.3'),(1300,116,'input_noise','0.15'),(1301,116,'gamma','0.2'),(1302,116,'input_blocks_per_epoch','1'),(1303,116,'batch_size','2'),(1304,117,'activation','tanh'),(1305,117,'weights_regularizer_coef','0.001'),(1306,117,'activity_regularizer_coef','0.001'),(1307,117,'learning_rate','0.00001'),(1308,117,'noise_level','0.3'),(1309,117,'input_noise','0.15'),(1310,117,'gamma','0.2'),(1311,117,'input_blocks_per_epoch','1'),(1312,117,'batch_size','2'),(1313,117,'mse','0.026056110858917236'),(1314,117,'epoc','300'),(1315,116,'mse','0.03284600004553795'),(1316,116,'epoc','1000'),(1317,118,'activation','tanh'),(1318,118,'weights_regularizer_coef','0.001'),(1319,118,'activity_regularizer_coef','0.001'),(1320,118,'learning_rate','0.00001'),(1321,118,'noise_level','0.3'),(1322,118,'input_noise','0.15'),(1323,118,'gamma','0.2'),(1324,118,'input_blocks_per_epoch','1'),(1325,118,'batch_size','2.0'),(1326,118,'mse','0.014277925714850426'),(1327,118,'epoc','700'),(1328,119,'activation','tanh'),(1329,119,'weights_regularizer_coef','0.001'),(1330,119,'activity_regularizer_coef','0.001'),(1331,119,'learning_rate','0.00001'),(1332,119,'noise_level','0.3'),(1333,119,'input_noise','0.15'),(1334,119,'gamma','0.2'),(1335,119,'input_blocks_per_epoch','1'),(1336,119,'batch_size','2'),(1337,120,'activation','tanh'),(1338,120,'weights_regularizer_coef','0.001'),(1339,120,'activity_regularizer_coef','0.001'),(1340,120,'learning_rate','0.00001'),(1341,120,'noise_level','0.3'),(1342,120,'input_noise','0.15'),(1343,120,'gamma','0.2'),(1344,120,'input_blocks_per_epoch','1'),(1345,120,'batch_size','2'),(1346,120,'mse','0.023804808035492897'),(1347,120,'epoc','300'),(1348,119,'mse','0.019407635554671288'),(1349,119,'epoc','1000'),(1350,121,'activation','tanh'),(1351,121,'weights_regularizer_coef','0.001'),(1352,121,'activity_regularizer_coef','0.001'),(1353,121,'learning_rate','0.00001'),(1354,121,'noise_level','0.3'),(1355,121,'input_noise','0.15'),(1356,121,'gamma','0.2'),(1357,121,'input_blocks_per_epoch','1'),(1358,121,'batch_size','2'),(1359,122,'activation','tanh'),(1360,122,'weights_regularizer_coef','0.001'),(1361,122,'activity_regularizer_coef','0.001'),(1362,122,'learning_rate','0.00001'),(1363,122,'noise_level','0.3'),(1364,122,'input_noise','0.15'),(1365,122,'gamma','0.2'),(1366,122,'input_blocks_per_epoch','1'),(1367,122,'batch_size','2.0'),(1368,121,'mse','0.0393495187163353'),(1369,121,'epoc','100'),(1370,122,'mse','0.019111393019557'),(1371,122,'epoc','300'),(1372,123,'activation','tanh'),(1373,123,'weights_regularizer_coef','0.001'),(1374,123,'activity_regularizer_coef','0.001'),(1375,123,'learning_rate','0.00001'),(1376,123,'noise_level','0.3'),(1377,123,'input_noise','0.15'),(1378,123,'gamma','0.2'),(1379,123,'input_blocks_per_epoch','1'),(1380,123,'batch_size','2'),(1381,124,'activation','tanh'),(1382,124,'weights_regularizer_coef','0.001'),(1383,124,'activity_regularizer_coef','0.001'),(1384,124,'learning_rate','0.00001'),(1385,124,'noise_level','0.3'),(1386,124,'input_noise','0.15'),(1387,124,'gamma','0.2'),(1388,124,'input_blocks_per_epoch','1'),(1389,124,'batch_size','2'),(1390,125,'activation','tanh'),(1391,125,'weights_regularizer_coef','0.001'),(1392,125,'activity_regularizer_coef','0.001'),(1393,125,'learning_rate','0.00001'),(1394,125,'noise_level','0.3'),(1395,125,'input_noise','0.15'),(1396,125,'gamma','0.2'),(1397,125,'input_blocks_per_epoch','1'),(1398,125,'batch_size','2'),(1399,125,'mse','0.02564297430217266'),(1400,125,'epoc','300'),(1401,126,'activation','tanh'),(1402,126,'weights_regularizer_coef','0.001'),(1403,126,'activity_regularizer_coef','0.001'),(1404,126,'learning_rate','0.00001'),(1405,126,'noise_level','0.3'),(1406,126,'input_noise','0.15'),(1407,126,'gamma','0.2'),(1408,126,'input_blocks_per_epoch','1'),(1409,126,'batch_size','2.0'),(1410,127,'activation','tanh'),(1411,127,'weights_regularizer_coef','0.001'),(1412,127,'activity_regularizer_coef','0.001'),(1413,127,'learning_rate','0.00001'),(1414,127,'noise_level','0.3'),(1415,127,'input_noise','0.15'),(1416,127,'gamma','0.2'),(1417,127,'input_blocks_per_epoch','1'),(1418,127,'batch_size','2.0'),(1419,127,'mse','0.015184360556304455'),(1420,127,'epoc','300'),(1421,128,'activation','tanh'),(1422,128,'weights_regularizer_coef','0.001'),(1423,128,'activity_regularizer_coef','0.001'),(1424,128,'learning_rate','0.00001'),(1425,128,'noise_level','0.3'),(1426,128,'input_noise','0.15'),(1427,128,'gamma','0.2'),(1428,128,'input_blocks_per_epoch','1'),(1429,128,'batch_size','2.0'),(1430,128,'mse','0.01855463534593582'),(1431,128,'epoc','1000'),(1432,1,'use','1'),(1433,2,'use','1'),(1434,129,'activation','tanh'),(1435,129,'weights_regularizer_coef','0.001'),(1436,129,'activity_regularizer_coef','0.001'),(1437,129,'learning_rate','0.00001'),(1438,129,'noise_level','0.3'),(1439,129,'input_noise','0.15'),(1440,129,'gamma','0.2'),(1441,129,'input_blocks_per_epoch','1'),(1442,129,'batch_size','2'),(1443,130,'activation','tanh'),(1444,130,'weights_regularizer_coef','0.001'),(1445,130,'activity_regularizer_coef','0.001'),(1446,130,'learning_rate','0.00001'),(1447,130,'noise_level','0.3'),(1448,130,'input_noise','0.15'),(1449,130,'gamma','0.2'),(1450,130,'input_blocks_per_epoch','1'),(1451,130,'batch_size','2'),(1452,131,'activation','tanh'),(1453,131,'weights_regularizer_coef','0.001'),(1454,131,'activity_regularizer_coef','0.001'),(1455,131,'learning_rate','0.00001'),(1456,131,'noise_level','0.3'),(1457,131,'input_noise','0.15'),(1458,131,'gamma','0.2'),(1459,131,'input_blocks_per_epoch','1'),(1460,131,'batch_size','2'),(1461,130,'mse','0.02805364318192005'),(1462,130,'epoc','300'),(1463,131,'mse','0.02908746898174286'),(1464,131,'epoc','300'),(1465,129,'mse','0.025782478973269463'),(1466,129,'epoc','300'),(1467,132,'activation','tanh'),(1468,132,'weights_regularizer_coef','0.001'),(1469,132,'activity_regularizer_coef','0.001'),(1470,132,'learning_rate','0.00001'),(1471,132,'noise_level','0.3'),(1472,132,'input_noise','0.15'),(1473,132,'gamma','0.2'),(1474,132,'input_blocks_per_epoch','1'),(1475,132,'batch_size','2.0'),(1476,132,'mse','0.014931224286556244'),(1477,132,'epoc','700'),(1478,133,'activation','tanh'),(1479,133,'weights_regularizer_coef','0.001'),(1480,133,'activity_regularizer_coef','0.001'),(1481,133,'learning_rate','0.00001'),(1482,133,'noise_level','0.3'),(1483,133,'input_noise','0.15'),(1484,133,'gamma','0.2'),(1485,133,'input_blocks_per_epoch','1'),(1486,133,'batch_size','2.0'),(1487,134,'activation','tanh'),(1488,134,'weights_regularizer_coef','0.001'),(1489,134,'activity_regularizer_coef','0.001'),(1490,134,'learning_rate','0.00001'),(1491,134,'noise_level','0.3'),(1492,134,'input_noise','0.15'),(1493,134,'gamma','0.2'),(1494,134,'input_blocks_per_epoch','1'),(1495,134,'batch_size','2.0'),(1496,135,'activation','tanh'),(1497,135,'weights_regularizer_coef','0.001'),(1498,135,'activity_regularizer_coef','0.001'),(1499,135,'learning_rate','0.00001'),(1500,135,'noise_level','0.3'),(1501,135,'input_noise','0.15'),(1502,135,'gamma','0.2'),(1503,135,'input_blocks_per_epoch','1'),(1504,135,'batch_size','2.0'),(1505,135,'mse','0.015093160793185234'),(1506,135,'epoc','700'),(1507,133,'mse','0.015252876095473766'),(1508,133,'epoc','700'),(1509,134,'mse','0.016182778403162956'),(1510,134,'epoc','700'),(1511,136,'activation','tanh'),(1512,136,'weights_regularizer_coef','0.001'),(1513,136,'activity_regularizer_coef','0.001'),(1514,136,'learning_rate','0.00001'),(1515,136,'noise_level','0.3'),(1516,136,'input_noise','0.15'),(1517,136,'gamma','0.2'),(1518,136,'input_blocks_per_epoch','1'),(1519,136,'batch_size','2.0'),(1520,137,'activation','tanh'),(1521,137,'weights_regularizer_coef','0.001'),(1522,137,'activity_regularizer_coef','0.001'),(1523,137,'learning_rate','0.00001'),(1524,137,'noise_level','0.3'),(1525,137,'input_noise','0.15'),(1526,137,'gamma','0.2'),(1527,137,'input_blocks_per_epoch','1'),(1528,137,'batch_size','2.0'),(1529,137,'mse','0.015900176018476486'),(1530,137,'epoc','700'),(1531,136,'mse','0.014034384861588478'),(1532,136,'epoc','700'),(1533,138,'activation','tanh'),(1534,138,'weights_regularizer_coef','0.001'),(1535,138,'activity_regularizer_coef','0.001'),(1536,138,'learning_rate','0.00001'),(1537,138,'noise_level','0.3'),(1538,138,'input_noise','0.15'),(1539,138,'gamma','0.2'),(1540,138,'input_blocks_per_epoch','1'),(1541,138,'batch_size','2.0'),(1542,139,'activation','tanh'),(1543,139,'weights_regularizer_coef','0.001'),(1544,139,'activity_regularizer_coef','0.001'),(1545,139,'learning_rate','0.00001'),(1546,139,'noise_level','0.3'),(1547,139,'input_noise','0.15'),(1548,139,'gamma','0.2'),(1549,139,'input_blocks_per_epoch','1'),(1550,139,'batch_size','2.0'),(1551,139,'mse','0.01553118135780096'),(1552,139,'epoc','700'),(1553,138,'mse','0.01445714384317398'),(1554,138,'epoc','700'),(1555,140,'activation','tanh'),(1556,140,'weights_regularizer_coef','0.001'),(1557,140,'activity_regularizer_coef','0.001'),(1558,140,'learning_rate','0.00001'),(1559,140,'noise_level','0.3'),(1560,140,'input_noise','0.15'),(1561,140,'gamma','0.2'),(1562,140,'input_blocks_per_epoch','1'),(1563,140,'batch_size','2'),(1564,141,'activation','tanh'),(1565,141,'weights_regularizer_coef','0.001'),(1566,141,'activity_regularizer_coef','0.001'),(1567,141,'learning_rate','0.00001'),(1568,141,'noise_level','0.3'),(1569,141,'input_noise','0.15'),(1570,141,'gamma','0.2'),(1571,141,'input_blocks_per_epoch','1'),(1572,141,'batch_size','2'),(1573,141,'mse','0.025071997195482254'),(1574,141,'epoc','300'),(1575,142,'activation','tanh'),(1576,142,'weights_regularizer_coef','0.001'),(1577,142,'activity_regularizer_coef','0.001'),(1578,142,'learning_rate','0.00001'),(1579,142,'noise_level','0.3'),(1580,142,'input_noise','0.15'),(1581,142,'gamma','0.2'),(1582,142,'input_blocks_per_epoch','1'),(1583,142,'batch_size','2.0'),(1584,142,'mse','0.01538651529699564'),(1585,142,'epoc','700'),(1586,143,'activation','tanh'),(1587,143,'weights_regularizer_coef','0.001'),(1588,143,'activity_regularizer_coef','0.001'),(1589,143,'learning_rate','0.00001'),(1590,143,'noise_level','0.3'),(1591,143,'input_noise','0.15'),(1592,143,'gamma','0.2'),(1593,143,'input_blocks_per_epoch','1'),(1594,143,'batch_size','2'),(1595,144,'activation','tanh'),(1596,144,'weights_regularizer_coef','0.001'),(1597,144,'activity_regularizer_coef','0.001'),(1598,144,'learning_rate','0.00001'),(1599,144,'noise_level','0.3'),(1600,144,'input_noise','0.15'),(1601,144,'gamma','0.2'),(1602,144,'input_blocks_per_epoch','1'),(1603,144,'batch_size','2'),(1604,145,'activation','tanh'),(1605,145,'weights_regularizer_coef','0.001'),(1606,145,'activity_regularizer_coef','0.001'),(1607,145,'learning_rate','0.00001'),(1608,145,'noise_level','0.3'),(1609,145,'input_noise','0.15'),(1610,145,'gamma','0.2'),(1611,145,'input_blocks_per_epoch','1'),(1612,145,'batch_size','2'),(1613,145,'mse','0.03212698921561241'),(1614,145,'epoc','1000'),(1615,146,'activation','tanh'),(1616,146,'weights_regularizer_coef','0.001'),(1617,146,'activity_regularizer_coef','0.001'),(1618,146,'learning_rate','0.00001'),(1619,146,'noise_level','0.3'),(1620,146,'input_noise','0.15'),(1621,146,'gamma','0.2'),(1622,146,'input_blocks_per_epoch','1'),(1623,146,'batch_size','2'),(1624,147,'activation','tanh'),(1625,147,'weights_regularizer_coef','0.001'),(1626,147,'activity_regularizer_coef','0.001'),(1627,147,'learning_rate','0.00001'),(1628,147,'noise_level','0.3'),(1629,147,'input_noise','0.15'),(1630,147,'gamma','0.2'),(1631,147,'input_blocks_per_epoch','1'),(1632,147,'batch_size','2'),(1633,148,'activation','tanh'),(1634,148,'weights_regularizer_coef','0.001'),(1635,148,'activity_regularizer_coef','0.001'),(1636,148,'learning_rate','0.00001'),(1637,148,'noise_level','0.3'),(1638,148,'input_noise','0.15'),(1639,148,'gamma','0.2'),(1640,148,'input_blocks_per_epoch','1'),(1641,148,'batch_size','2'),(1642,149,'activation','tanh'),(1643,149,'weights_regularizer_coef','0.001'),(1644,149,'activity_regularizer_coef','0.001'),(1645,149,'learning_rate','0.00001'),(1646,149,'noise_level','0.3'),(1647,149,'input_noise','0.15'),(1648,149,'gamma','0.2'),(1649,149,'input_blocks_per_epoch','1'),(1650,149,'batch_size','2'),(1651,147,'mse','0.027577510103583336'),(1652,147,'epoc','300'),(1653,148,'mse','0.024643942713737488'),(1654,148,'epoc','300'),(1655,149,'mse','0.02731284312903881'),(1656,149,'epoc','300'),(1657,150,'activation','tanh'),(1658,150,'weights_regularizer_coef','0.001'),(1659,150,'activity_regularizer_coef','0.001'),(1660,150,'learning_rate','0.00001'),(1661,150,'noise_level','0.3'),(1662,150,'input_noise','0.15'),(1663,150,'gamma','0.2'),(1664,150,'input_blocks_per_epoch','1'),(1665,150,'batch_size','2'),(1666,151,'activation','tanh'),(1667,151,'weights_regularizer_coef','0.001'),(1668,151,'activity_regularizer_coef','0.001'),(1669,151,'learning_rate','0.00001'),(1670,151,'noise_level','0.3'),(1671,151,'input_noise','0.15'),(1672,151,'gamma','0.2'),(1673,151,'input_blocks_per_epoch','1'),(1674,151,'batch_size','2'),(1675,152,'activation','tanh'),(1676,152,'weights_regularizer_coef','0.001'),(1677,152,'activity_regularizer_coef','0.001'),(1678,152,'learning_rate','0.00001'),(1679,152,'noise_level','0.3'),(1680,152,'input_noise','0.15'),(1681,152,'gamma','0.2'),(1682,152,'input_blocks_per_epoch','1'),(1683,152,'batch_size','2'),(1684,153,'activation','tanh'),(1685,153,'weights_regularizer_coef','0.001'),(1686,153,'activity_regularizer_coef','0.001'),(1687,153,'learning_rate','0.00001'),(1688,153,'noise_level','0.3'),(1689,153,'input_noise','0.15'),(1690,153,'gamma','0.2'),(1691,153,'input_blocks_per_epoch','1'),(1692,153,'batch_size','2'),(1693,154,'activation','tanh'),(1694,154,'weights_regularizer_coef','0.001'),(1695,154,'activity_regularizer_coef','0.001'),(1696,154,'learning_rate','0.00001'),(1697,154,'noise_level','0.3'),(1698,154,'input_noise','0.15'),(1699,154,'gamma','0.2'),(1700,154,'input_blocks_per_epoch','1'),(1701,154,'batch_size','2'),(1702,155,'activation','tanh'),(1703,155,'weights_regularizer_coef','0.001'),(1704,155,'activity_regularizer_coef','0.001'),(1705,155,'learning_rate','0.00001'),(1706,155,'noise_level','0.3'),(1707,155,'input_noise','0.15'),(1708,155,'gamma','0.2'),(1709,155,'input_blocks_per_epoch','1'),(1710,155,'batch_size','2'),(1711,156,'activation','tanh'),(1712,156,'weights_regularizer_coef','0.001'),(1713,156,'activity_regularizer_coef','0.001'),(1714,156,'learning_rate','0.00001'),(1715,156,'noise_level','0.3'),(1716,156,'input_noise','0.15'),(1717,156,'gamma','0.2'),(1718,156,'input_blocks_per_epoch','1'),(1719,156,'batch_size','2'),(1720,157,'activation','tanh'),(1721,157,'weights_regularizer_coef','0.001'),(1722,157,'activity_regularizer_coef','0.001'),(1723,157,'learning_rate','0.00001'),(1724,157,'noise_level','0.3'),(1725,157,'input_noise','0.15'),(1726,157,'gamma','0.2'),(1727,157,'input_blocks_per_epoch','1'),(1728,157,'batch_size','2'),(1729,158,'activation','tanh'),(1730,158,'weights_regularizer_coef','0.001'),(1731,158,'activity_regularizer_coef','0.001'),(1732,158,'learning_rate','0.00001'),(1733,158,'noise_level','0.3'),(1734,158,'input_noise','0.15'),(1735,158,'gamma','0.2'),(1736,158,'input_blocks_per_epoch','1'),(1737,158,'batch_size','2'),(1738,159,'activation','tanh'),(1739,159,'weights_regularizer_coef','0.001'),(1740,159,'activity_regularizer_coef','0.001'),(1741,159,'learning_rate','0.00001'),(1742,159,'noise_level','0.3'),(1743,159,'input_noise','0.15'),(1744,159,'gamma','0.2'),(1745,159,'input_blocks_per_epoch','1'),(1746,159,'batch_size','2'),(1747,160,'activation','tanh'),(1748,160,'weights_regularizer_coef','0.001'),(1749,160,'activity_regularizer_coef','0.001'),(1750,160,'learning_rate','0.00001'),(1751,160,'noise_level','0.3'),(1752,160,'input_noise','0.15'),(1753,160,'gamma','0.2'),(1754,160,'input_blocks_per_epoch','1'),(1755,160,'batch_size','2'),(1756,161,'activation','tanh'),(1757,161,'weights_regularizer_coef','0.001'),(1758,161,'activity_regularizer_coef','0.001'),(1759,161,'learning_rate','0.00001'),(1760,161,'noise_level','0.3'),(1761,161,'input_noise','0.15'),(1762,161,'gamma','0.2'),(1763,161,'input_blocks_per_epoch','1'),(1764,161,'batch_size','2'),(1765,162,'activation','tanh'),(1766,162,'weights_regularizer_coef','0.001'),(1767,162,'activity_regularizer_coef','0.001'),(1768,162,'learning_rate','0.00001'),(1769,162,'noise_level','0.3'),(1770,162,'input_noise','0.15'),(1771,162,'gamma','0.2'),(1772,162,'input_blocks_per_epoch','1'),(1773,162,'batch_size','2'),(1774,162,'mse','0.04517017677426338'),(1775,162,'epoc','300'),(1776,161,'mse','0.016482163220643997'),(1777,161,'epoc','1000'),(1778,163,'activation','tanh'),(1779,163,'weights_regularizer_coef','0.001'),(1780,163,'activity_regularizer_coef','0.001'),(1781,163,'learning_rate','0.00001'),(1782,163,'noise_level','0.3'),(1783,163,'input_noise','0.15'),(1784,163,'gamma','0.2'),(1785,163,'input_blocks_per_epoch','1'),(1786,163,'batch_size','2'),(1787,164,'activation','tanh'),(1788,164,'weights_regularizer_coef','0.001'),(1789,164,'activity_regularizer_coef','0.001'),(1790,164,'learning_rate','0.00001'),(1791,164,'noise_level','0.3'),(1792,164,'input_noise','0.15'),(1793,164,'gamma','0.2'),(1794,164,'input_blocks_per_epoch','1'),(1795,164,'batch_size','2'),(1796,164,'mse','0.016528060659766197'),(1797,164,'epoc','1000'),(1798,163,'mse','0.030437562614679337'),(1799,163,'epoc','1000'),(1800,161,'use','1'),(1801,163,'use','1'),(1802,164,'use','1'),(1803,165,'activation','tanh'),(1804,165,'weights_regularizer_coef','0.001'),(1805,165,'activity_regularizer_coef','0.001'),(1806,165,'learning_rate','0.00001'),(1807,165,'noise_level','0.3'),(1808,165,'input_noise','0.15'),(1809,165,'gamma','0.2'),(1810,165,'input_blocks_per_epoch','1'),(1811,165,'batch_size','2'),(1812,166,'activation','tanh'),(1813,166,'weights_regularizer_coef','0.001'),(1814,166,'activity_regularizer_coef','0.001'),(1815,166,'learning_rate','0.00001'),(1816,166,'noise_level','0.3'),(1817,166,'input_noise','0.15'),(1818,166,'gamma','0.2'),(1819,166,'input_blocks_per_epoch','1'),(1820,166,'batch_size','2'),(1821,166,'mse','0.03843516483902931'),(1822,166,'epoc','700'),(1823,167,'activation','tanh'),(1824,167,'weights_regularizer_coef','0.001'),(1825,167,'activity_regularizer_coef','0.001'),(1826,167,'learning_rate','0.00001'),(1827,167,'noise_level','0.3'),(1828,167,'input_noise','0.15'),(1829,167,'gamma','0.2'),(1830,167,'input_blocks_per_epoch','1'),(1831,167,'batch_size','2'),(1832,167,'mse','0.023308804258704185'),(1833,167,'epoc','700'),(1834,168,'activation','tanh'),(1835,168,'weights_regularizer_coef','0.001'),(1836,168,'activity_regularizer_coef','0.001'),(1837,168,'learning_rate','0.00001'),(1838,168,'noise_level','0.3'),(1839,168,'input_noise','0.15'),(1840,168,'gamma','0.2'),(1841,168,'input_blocks_per_epoch','1'),(1842,168,'batch_size','2'),(1843,169,'activation','tanh'),(1844,169,'weights_regularizer_coef','0.001'),(1845,169,'activity_regularizer_coef','0.001'),(1846,169,'learning_rate','0.00001'),(1847,169,'noise_level','0.3'),(1848,169,'input_noise','0.15'),(1849,169,'gamma','0.2'),(1850,169,'input_blocks_per_epoch','1'),(1851,169,'batch_size','2'),(1852,168,'mse','0.014609863981604576'),(1853,168,'epoc','700'),(1854,170,'activation','tanh'),(1855,170,'weights_regularizer_coef','0.001'),(1856,170,'activity_regularizer_coef','0.001'),(1857,170,'learning_rate','0.00001'),(1858,170,'noise_level','0.3'),(1859,170,'input_noise','0.15'),(1860,170,'gamma','0.2'),(1861,170,'input_blocks_per_epoch','1'),(1862,170,'batch_size','2'),(1863,169,'mse','0.015813684090971947'),(1864,169,'epoc','700'),(1865,171,'activation','tanh'),(1866,171,'weights_regularizer_coef','0.001'),(1867,171,'activity_regularizer_coef','0.001'),(1868,171,'learning_rate','0.00001'),(1869,171,'noise_level','0.3'),(1870,171,'input_noise','0.15'),(1871,171,'gamma','0.2'),(1872,171,'input_blocks_per_epoch','1'),(1873,171,'batch_size','2'),(1874,170,'mse','0.013928249478340149'),(1875,170,'epoc','700'),(1876,172,'activation','tanh'),(1877,172,'weights_regularizer_coef','0.001'),(1878,172,'activity_regularizer_coef','0.001'),(1879,172,'learning_rate','0.00001'),(1880,172,'noise_level','0.3'),(1881,172,'input_noise','0.15'),(1882,172,'gamma','0.2'),(1883,172,'input_blocks_per_epoch','1'),(1884,172,'batch_size','2'),(1885,168,'seed_run','1'),(1886,169,'seed_run','1'),(1887,170,'seed_run','1'),(1888,172,'mse','0.024032875895500183'),(1889,172,'epoc','700'),(1890,171,'mse','0.020539287477731705'),(1891,171,'epoc','700'),(1892,173,'activation','tanh'),(1893,173,'weights_regularizer_coef','0.001'),(1894,173,'activity_regularizer_coef','0.001'),(1895,173,'learning_rate','0.00001'),(1896,173,'noise_level','0.3'),(1897,173,'input_noise','0.15'),(1898,173,'gamma','0.2'),(1899,173,'input_blocks_per_epoch','1'),(1900,173,'batch_size','2'),(1901,174,'activation','tanh'),(1902,174,'weights_regularizer_coef','0.001'),(1903,174,'activity_regularizer_coef','0.001'),(1904,174,'learning_rate','0.00001'),(1905,174,'noise_level','0.3'),(1906,174,'input_noise','0.15'),(1907,174,'gamma','0.2'),(1908,174,'input_blocks_per_epoch','1'),(1909,174,'batch_size','2'),(1910,175,'activation','tanh'),(1911,175,'weights_regularizer_coef','0.001'),(1912,175,'activity_regularizer_coef','0.001'),(1913,175,'learning_rate','0.00001'),(1914,175,'noise_level','0.3'),(1915,175,'input_noise','0.15'),(1916,175,'gamma','0.2'),(1917,175,'input_blocks_per_epoch','1'),(1918,175,'batch_size','2'),(1919,176,'activation','tanh'),(1920,176,'weights_regularizer_coef','0.001'),(1921,176,'activity_regularizer_coef','0.001'),(1922,176,'learning_rate','0.00001'),(1923,176,'noise_level','0.3'),(1924,176,'input_noise','0.15'),(1925,176,'gamma','0.2'),(1926,176,'input_blocks_per_epoch','1'),(1927,176,'batch_size','2'),(1928,177,'activation','tanh'),(1929,177,'weights_regularizer_coef','0.001'),(1930,177,'activity_regularizer_coef','0.001'),(1931,177,'learning_rate','0.00001'),(1932,177,'noise_level','0.3'),(1933,177,'input_noise','0.15'),(1934,177,'gamma','0.2'),(1935,177,'input_blocks_per_epoch','1'),(1936,177,'batch_size','2'),(1937,178,'activation','tanh'),(1938,178,'weights_regularizer_coef','0.001'),(1939,178,'activity_regularizer_coef','0.001'),(1940,178,'learning_rate','0.00001'),(1941,178,'noise_level','0.3'),(1942,178,'input_noise','0.15'),(1943,178,'gamma','0.2'),(1944,178,'input_blocks_per_epoch','1'),(1945,178,'batch_size','2'),(1946,179,'activation','tanh'),(1947,179,'weights_regularizer_coef','0.001'),(1948,179,'activity_regularizer_coef','0.001'),(1949,179,'learning_rate','0.00001'),(1950,179,'noise_level','0.3'),(1951,179,'input_noise','0.15'),(1952,179,'gamma','0.2'),(1953,179,'input_blocks_per_epoch','1'),(1954,179,'batch_size','2'),(1955,180,'activation','tanh'),(1956,180,'weights_regularizer_coef','0.001'),(1957,180,'activity_regularizer_coef','0.001'),(1958,180,'learning_rate','0.00001'),(1959,180,'noise_level','0.3'),(1960,180,'input_noise','0.15'),(1961,180,'gamma','0.2'),(1962,180,'input_blocks_per_epoch','1'),(1963,180,'batch_size','2'),(1964,180,'mse','0.015020660124719143'),(1965,180,'epoc','1000'),(1966,180,'seed_run','1'),(1967,181,'activation','tanh'),(1968,181,'weights_regularizer_coef','0.001'),(1969,181,'activity_regularizer_coef','0.001'),(1970,181,'learning_rate','0.00001'),(1971,181,'noise_level','0.3'),(1972,181,'input_noise','0.15'),(1973,181,'gamma','0.2'),(1974,181,'input_blocks_per_epoch','1'),(1975,181,'batch_size','2'),(1976,179,'mse','0.015742162242531776'),(1977,179,'epoc','1000'),(1978,179,'seed_run','1'),(1979,182,'activation','tanh'),(1980,182,'weights_regularizer_coef','0.001'),(1981,182,'activity_regularizer_coef','0.001'),(1982,182,'learning_rate','0.00001'),(1983,182,'noise_level','0.3'),(1984,182,'input_noise','0.15'),(1985,182,'gamma','0.2'),(1986,182,'input_blocks_per_epoch','1'),(1987,182,'batch_size','2'),(1988,181,'mse','0.015652475878596306'),(1989,181,'epoc','1000'),(1990,181,'seed_run','1'),(1991,183,'activation','tanh'),(1992,183,'weights_regularizer_coef','0.001'),(1993,183,'activity_regularizer_coef','0.001'),(1994,183,'learning_rate','0.00001'),(1995,183,'noise_level','0.3'),(1996,183,'input_noise','0.15'),(1997,183,'gamma','0.2'),(1998,183,'input_blocks_per_epoch','1'),(1999,183,'batch_size','2'),(2000,182,'mse','0.014606785960495472'),(2001,182,'epoc','1000'),(2002,182,'seed_run','1'),(2003,183,'mse','0.020879827439785004'),(2004,183,'epoc','1000'),(2005,183,'seed_run','1'),(2006,184,'activation','tanh'),(2007,184,'weights_regularizer_coef','0.001'),(2008,184,'activity_regularizer_coef','0.001'),(2009,184,'learning_rate','0.00001'),(2010,184,'noise_level','0.3'),(2011,184,'input_noise','0.15'),(2012,184,'gamma','0.2'),(2013,184,'input_blocks_per_epoch','1'),(2014,184,'batch_size','2'),(2015,184,'mse','0.01537721510976553'),(2016,184,'epoc','1000'),(2017,184,'seed_run','1'),(2018,185,'activation','tanh'),(2019,185,'weights_regularizer_coef','0.001'),(2020,185,'activity_regularizer_coef','0.001'),(2021,185,'learning_rate','0.00001'),(2022,185,'noise_level','0.3'),(2023,185,'input_noise','0.15'),(2024,185,'gamma','0.2'),(2025,185,'input_blocks_per_epoch','1'),(2026,185,'batch_size','2'),(2027,186,'activation','tanh'),(2028,186,'weights_regularizer_coef','0.001'),(2029,186,'activity_regularizer_coef','0.001'),(2030,186,'learning_rate','0.00001'),(2031,186,'noise_level','0.3'),(2032,186,'input_noise','0.15'),(2033,186,'gamma','0.2'),(2034,186,'input_blocks_per_epoch','1'),(2035,186,'batch_size','2'),(2036,186,'mse','2.1196881055951522e-11'),(2037,186,'epoc','300'),(2038,185,'mse','0.00040044603520072997'),(2039,185,'epoc','300'),(2040,187,'activation','tanh'),(2041,187,'weights_regularizer_coef','0.001'),(2042,187,'activity_regularizer_coef','0.001'),(2043,187,'learning_rate','0.00001'),(2044,187,'noise_level','0.3'),(2045,187,'input_noise','0.15'),(2046,187,'gamma','0.2'),(2047,187,'input_blocks_per_epoch','1'),(2048,187,'batch_size','2.0'),(2049,188,'activation','tanh'),(2050,188,'weights_regularizer_coef','0.001'),(2051,188,'activity_regularizer_coef','0.001'),(2052,188,'learning_rate','0.00001'),(2053,188,'noise_level','0.3'),(2054,188,'input_noise','0.15'),(2055,188,'gamma','0.2'),(2056,188,'input_blocks_per_epoch','1'),(2057,188,'batch_size','2.0'),(2058,187,'mse','0.04581079259514809'),(2059,187,'epoc','700'),(2060,188,'mse','0.04549534618854523'),(2061,188,'epoc','700'),(2062,189,'activation','tanh'),(2063,189,'weights_regularizer_coef','0.001'),(2064,189,'activity_regularizer_coef','0.001'),(2065,189,'learning_rate','0.00001'),(2066,189,'noise_level','0.3'),(2067,189,'input_noise','0.15'),(2068,189,'gamma','0.2'),(2069,189,'input_blocks_per_epoch','1'),(2070,189,'batch_size','2'),(2071,190,'activation','tanh'),(2072,190,'weights_regularizer_coef','0.001'),(2073,190,'activity_regularizer_coef','0.001'),(2074,190,'learning_rate','0.00001'),(2075,190,'noise_level','0.3'),(2076,190,'input_noise','0.15'),(2077,190,'gamma','0.2'),(2078,190,'input_blocks_per_epoch','1'),(2079,190,'batch_size','2'),(2080,189,'mse','0.00038636435056105256'),(2081,189,'epoc','300'),(2082,190,'mse','0.00039220874896273017'),(2083,190,'epoc','300'),(2084,191,'activation','tanh'),(2085,191,'weights_regularizer_coef','0.001'),(2086,191,'activity_regularizer_coef','0.001'),(2087,191,'learning_rate','0.00001'),(2088,191,'noise_level','0.3'),(2089,191,'input_noise','0.15'),(2090,191,'gamma','0.2'),(2091,191,'input_blocks_per_epoch','1'),(2092,191,'batch_size','2'),(2093,192,'activation','tanh'),(2094,192,'weights_regularizer_coef','0.001'),(2095,192,'activity_regularizer_coef','0.001'),(2096,192,'learning_rate','0.00001'),(2097,192,'noise_level','0.3'),(2098,192,'input_noise','0.15'),(2099,192,'gamma','0.2'),(2100,192,'input_blocks_per_epoch','1'),(2101,192,'batch_size','2'),(2102,192,'mse','0.021007956936955452'),(2103,192,'epoc','300'),(2104,191,'mse','0.020499976351857185'),(2105,191,'epoc','300'),(2106,193,'activation','tanh'),(2107,193,'weights_regularizer_coef','0.001'),(2108,193,'activity_regularizer_coef','0.001'),(2109,193,'learning_rate','0.00001'),(2110,193,'noise_level','0.3'),(2111,193,'input_noise','0.15'),(2112,193,'gamma','0.2'),(2113,193,'input_blocks_per_epoch','1'),(2114,193,'batch_size','2.0'),(2115,194,'activation','tanh'),(2116,194,'weights_regularizer_coef','0.001'),(2117,194,'activity_regularizer_coef','0.001'),(2118,194,'learning_rate','0.00001'),(2119,194,'noise_level','0.3'),(2120,194,'input_noise','0.15'),(2121,194,'gamma','0.2'),(2122,194,'input_blocks_per_epoch','1'),(2123,194,'batch_size','2.0'),(2124,194,'mse','0.022091122344136238'),(2125,194,'epoc','700'),(2126,193,'mse','0.014297026209533215'),(2127,193,'epoc','700'),(2128,195,'activation','tanh'),(2129,195,'weights_regularizer_coef','0.001'),(2130,195,'activity_regularizer_coef','0.001'),(2131,195,'learning_rate','0.00001'),(2132,195,'noise_level','0.3'),(2133,195,'input_noise','0.15'),(2134,195,'gamma','0.2'),(2135,195,'input_blocks_per_epoch','1'),(2136,195,'batch_size','2'),(2137,196,'activation','tanh'),(2138,196,'weights_regularizer_coef','0.001'),(2139,196,'activity_regularizer_coef','0.001'),(2140,196,'learning_rate','0.00001'),(2141,196,'noise_level','0.3'),(2142,196,'input_noise','0.15'),(2143,196,'gamma','0.2'),(2144,196,'input_blocks_per_epoch','1'),(2145,196,'batch_size','2'),(2146,196,'mse','0.021895358338952065'),(2147,196,'epoc','300'),(2148,195,'mse','0.02058868668973446'),(2149,195,'epoc','300'),(2150,197,'activation','tanh'),(2151,197,'weights_regularizer_coef','0.001'),(2152,197,'activity_regularizer_coef','0.001'),(2153,197,'learning_rate','0.00001'),(2154,197,'noise_level','0.3'),(2155,197,'input_noise','0.15'),(2156,197,'gamma','0.2'),(2157,197,'input_blocks_per_epoch','1'),(2158,197,'batch_size','2.0'),(2159,197,'mse','0.01926095224916935'),(2160,197,'epoc','700'),(2161,198,'activation','tanh'),(2162,198,'weights_regularizer_coef','0.001'),(2163,198,'activity_regularizer_coef','0.001'),(2164,198,'learning_rate','0.00001'),(2165,198,'noise_level','0.3'),(2166,198,'input_noise','0.15'),(2167,198,'gamma','0.2'),(2168,198,'input_blocks_per_epoch','1'),(2169,198,'batch_size','2'),(2170,199,'activation','tanh'),(2171,199,'weights_regularizer_coef','0.001'),(2172,199,'activity_regularizer_coef','0.001'),(2173,199,'learning_rate','0.00001'),(2174,199,'noise_level','0.3'),(2175,199,'input_noise','0.15'),(2176,199,'gamma','0.2'),(2177,199,'input_blocks_per_epoch','1'),(2178,199,'batch_size','2'),(2179,199,'mse','0.04231202229857445'),(2180,199,'epoc','300');
/*!40000 ALTER TABLE `model_attributes` ENABLE KEYS */;
UNLOCK TABLES;

--
-- Table structure for table `tasks`
--

DROP TABLE IF EXISTS `tasks`;
/*!40101 SET @saved_cs_client     = @@character_set_client */;
/*!50503 SET character_set_client = utf8mb4 */;
CREATE TABLE `tasks` (
  `task_id` int NOT NULL AUTO_INCREMENT,
  `task_name` text,
  PRIMARY KEY (`task_id`)
) ENGINE=InnoDB AUTO_INCREMENT=13 DEFAULT CHARSET=utf8mb4 COLLATE=utf8mb4_0900_ai_ci;
/*!40101 SET character_set_client = @saved_cs_client */;

--
-- Dumping data for table `tasks`
--

LOCK TABLES `tasks` WRITE;
/*!40000 ALTER TABLE `tasks` DISABLE KEYS */;
INSERT INTO `tasks` VALUES (1,'no_match'),(2,'just_short_match'),(3,'sl_only'),(4,'potentiate'),(5,'ls_only'),(6,'two_cue_dnms'),(7,'include_long_match'),(8,'just_short_match_3input'),(9,'no_match_3input'),(10,'just_short_match_seed'),(11,'mm_only'),(12,'match_only');
/*!40000 ALTER TABLE `tasks` ENABLE KEYS */;
UNLOCK TABLES;

--
-- Table structure for table `projects`
--

DROP TABLE IF EXISTS `projects`;
/*!40101 SET @saved_cs_client     = @@character_set_client */;
/*!50503 SET character_set_client = utf8mb4 */;
CREATE TABLE `projects` (
  `project_id` int NOT NULL AUTO_INCREMENT,
  `project_name` text,
  PRIMARY KEY (`project_id`)
) ENGINE=InnoDB AUTO_INCREMENT=2 DEFAULT CHARSET=utf8mb4 COLLATE=utf8mb4_0900_ai_ci;
/*!40101 SET character_set_client = @saved_cs_client */;

--
-- Dumping data for table `projects`
--

LOCK TABLES `projects` WRITE;
/*!40000 ALTER TABLE `projects` DISABLE KEYS */;
INSERT INTO `projects` VALUES (1,'rnn_shaping');
/*!40000 ALTER TABLE `projects` ENABLE KEYS */;
UNLOCK TABLES;
/*!40103 SET TIME_ZONE=@OLD_TIME_ZONE */;

/*!40101 SET SQL_MODE=@OLD_SQL_MODE */;
/*!40014 SET FOREIGN_KEY_CHECKS=@OLD_FOREIGN_KEY_CHECKS */;
/*!40014 SET UNIQUE_CHECKS=@OLD_UNIQUE_CHECKS */;
/*!40101 SET CHARACTER_SET_CLIENT=@OLD_CHARACTER_SET_CLIENT */;
/*!40101 SET CHARACTER_SET_RESULTS=@OLD_CHARACTER_SET_RESULTS */;
/*!40101 SET COLLATION_CONNECTION=@OLD_COLLATION_CONNECTION */;
/*!40111 SET SQL_NOTES=@OLD_SQL_NOTES */;

-- Dump completed on 2026-06-23 23:22:05
